fips,year,ffs_cost,ffs_quartile
01001,2018,4154.967430639324,1
01003,2018,4073.9045756457563,1
01005,2018,4513.676140849519,3
01007,2018,4475.988472622478,2
01009,2018,4189.022940445248,2
01011,2018,3992.749017038008,1
01013,2018,4228.708449260506,2
01015,2018,4392.575512087574,2
01017,2018,3853.010032069731,1
01019,2018,4380.3691158821175,2
01021,2018,4441.886003521126,2
01023,2018,4996.715808823529,4
01025,2018,4181.319613552144,2
01027,2018,3790.3694824109343,1
01029,2018,4248.489779062565,2
01031,2018,4226.524730307347,2
01033,2018,4437.981054897739,2
01035,2018,4466.040765391015,2
01037,2018,4082.8174692049274,1
01039,2018,4822.626435636991,3
01041,2018,4331.746268656716,2
01043,2018,4628.095688612407,3
01045,2018,4295.712501576889,2
01047,2018,4227.285293395532,2
01049,2018,4225.705521472392,2
01051,2018,4050.3328170805908,1
01053,2018,4662.217768147346,3
01055,2018,4977.274874337259,4
01057,2018,4547.48571945047,3
01059,2018,4515.815084476804,3
01061,2018,4456.674430972133,2
01063,2018,4361.427027027027,2
01065,2018,4360.656958438287,2
01067,2018,4017.618836565097,1
01069,2018,4375.688363126534,2
01071,2018,4534.62741539447,3
01073,2018,4388.5,2
01075,2018,4345.495855913293,2
01077,2018,3905.3878519762334,1
01079,2018,4245.024311983216,2
01081,2018,3599.1635966653434,1
01083,2018,4567.885874799358,3
01085,2018,4139.207653061225,1
01087,2018,3577.493007681702,1
01089,2018,4264.162665133685,2
01091,2018,3978.973290753375,1
01093,2018,4889.2438672438675,3
01095,2018,4467.782160255333,2
01097,2018,4347.870799337738,2
01099,2018,4525.62120077856,3
01101,2018,3958.0509843033888,1
01103,2018,4216.859187208528,2
01105,2018,3980.7462686567164,1
01107,2018,4697.991788448156,3
01109,2018,3969.6717567567566,1
01111,2018,4255.794486215539,2
01113,2018,4094.5013421561894,1
01115,2018,4553.14115016421,3
01117,2018,4437.451262190285,2
01119,2018,4078.927637314734,1
01121,2018,4333.203224825069,2
01123,2018,4160.958826595191,1
01125,2018,4485.916500012986,2
01127,2018,4551.4469709452405,3
01129,2018,4356.2614123346375,2
01131,2018,4074.7894395152566,1
01133,2018,4418.819017690876,2
02020,2018,4326.337242813105,2
02050,2018,5192.007756232687,4
02060,2018,4696.593144560357,3
02070,2018,7252.712106768351,4
02090,2018,3844.63189681646,1
02100,2018,5532.120848708487,4
02110,2018,4561.077678571429,3
02130,2018,5402.509983361065,4
02150,2018,4307.8547784303255,2
02170,2018,4577.565893864598,3
02180,2018,8447.5700066357,4
02220,2018,8237.219457013574,4
02240,2018,3860.466300940439,1
02280,2018,5930.35549132948,4
02290,2018,3996.1552346570397,1
04001,2018,4897.397884544545,3
04003,2018,4025.6122414087877,1
04005,2018,4134.47957718909,1
04007,2018,4300.65027178016,2
04009,2018,3977.9210641719046,1
04011,2018,3919.0946356275304,1
04012,2018,4621.684078667167,3
04013,2018,4482.691775887985,2
04015,2018,4268.048876091848,2
04017,2018,4547.475770798645,3
04019,2018,3839.4300909412254,1
04021,2018,4290.977624273725,2
04023,2018,2690.8847802130526,1
04025,2018,4010.68291558975,1
04027,2018,4653.174640294898,3
05001,2018,4077.957076566125,1
05003,2018,4659.126375576855,3
05005,2018,4262.145994267114,2
05007,2018,4155.638939082393,1
05009,2018,3889.8184667624396,1
05011,2018,4748.979908012588,3
05013,2018,4426.68877216021,2
05015,2018,3686.897447532615,1
05017,2018,5086.167544519689,4
05019,2018,3881.99191947831,1
05021,2018,4794.590637763116,3
05023,2018,3794.9899006352825,1
05025,2018,5350.955563210472,4
05027,2018,4159.612010633156,1
05029,2018,4300.982881419468,2
05031,2018,4598.499671836678,3
05033,2018,4244.736709865115,2
05035,2018,4690.665149337166,3
05037,2018,4627.952757319921,3
05039,2018,4499.878799688231,2
05041,2018,5355.3730459497865,4
05043,2018,4681.6986493597615,3
05045,2018,4102.069177280998,1
05047,2018,4204.492004462625,2
05049,2018,4535.435962514643,3
05051,2018,4655.609652926122,3
05053,2018,4761.210867218424,3
05055,2018,4579.928140629597,3
05057,2018,4779.9944827586205,3
05059,2018,4555.392140231835,3
05061,2018,4254.729630346429,2
05063,2018,4785.6782700421945,3
05065,2018,4582.57421316166,3
05067,2018,5092.002266387726,4
05069,2018,4453.588029290035,2
05071,2018,4011.8246238030097,1
05073,2018,4418.5186934277845,2
05075,2018,4724.685,3
05077,2018,3662.307108626198,1
05079,2018,4901.466486324016,3
05081,2018,4692.01380798274,3
05083,2018,4624.590880061311,3
05085,2018,3995.0909137868694,1
05087,2018,3648.433775490002,1
05089,2018,3755.6807936507935,1
05091,2018,4868.008804339282,3
05093,2018,4791.597135416667,3
05095,2018,3998.4140923290524,1
05097,2018,3602.785994397759,1
05099,2018,4341.598892147279,2
05101,2018,3482.721285892634,1
05103,2018,3981.862286872541,1
05105,2018,4064.5173902005586,1
05107,2018,4165.5335576114385,2
05109,2018,4623.338717572197,3
05111,2018,4915.224440488301,3
05113,2018,4146.770334374639,1
05115,2018,4200.1732645819475,2
05117,2018,4601.556458897922,3
05119,2018,4104.128180254502,1
05121,2018,4814.32303226908,3
05123,2018,4319.5786971604775,2
05125,2018,4785.877397727978,3
05127,2018,4341.785936176221,2
05129,2018,3932.3447513812152,1
05131,2018,4325.128690756663,2
05133,2018,4370.879587894398,2
05135,2018,4712.66644106035,3
05137,2018,4259.483962264151,2
05139,2018,4171.488773982855,2
05141,2018,4372.92501447597,2
05143,2018,3976.4082746880904,1
05145,2018,4701.048826080455,3
05147,2018,4461.023742026931,2
05149,2018,4268.070561348379,2
06001,2018,5155.199627104471,4
06003,2018,4639.103194103194,3
06005,2018,4856.203436468142,3
06007,2018,5437.786035167328,4
06009,2018,4810.37919430824,3
06011,2018,4352.369307248236,2
06013,2018,5050.628694277514,4
06015,2018,4476.516556291391,2
06017,2018,4676.560410816633,3
06019,2018,4785.332298671161,3
06021,2018,4948.1977757739705,4
06023,2018,4259.806234104217,2
06025,2018,5281.959595510612,4
06027,2018,5792.519025604552,4
06029,2018,5315.440541078482,4
06031,2018,4657.978680879413,3
06033,2018,5518.314597893494,4
06035,2018,4106.176842564326,1
06037,2018,6514.745494435162,4
06039,2018,4435.644008831204,2
06041,2018,4871.049628337498,3
06043,2018,4769.7518964164265,3
06045,2018,4712.713686579378,3
06047,2018,4952.499596850285,4
06049,2018,4460.414296501384,2
06051,2018,5019.158911954188,4
06053,2018,4941.1002806153165,4
06055,2018,5092.868036955671,4
06057,2018,4264.441807653004,2
06059,2018,5374.541566346793,4
06061,2018,4512.697759544048,3
06063,2018,4702.255496799332,3
06065,2018,5171.892867839422,4
06067,2018,4740.333894980954,3
06069,2018,4886.589517384536,3
06071,2018,5258.04980132583,4
06073,2018,4933.507418190583,4
06075,2018,5202.078078999419,4
06077,2018,5052.728025144924,4
06079,2018,4248.576029699493,2
06081,2018,4566.6054359857335,3
06083,2018,4719.100561888489,3
06085,2018,4978.183384902529,4
06087,2018,4497.6475771439245,2
06089,2018,4785.96496268526,3
06091,2018,3584.0538172715897,1
06093,2018,4090.514803676564,1
06095,2018,4733.418565498451,3
06097,2018,5025.9787054381695,4
06099,2018,4819.833335282902,3
06101,2018,5177.147709419971,4
06103,2018,4595.556181213207,3
06105,2018,4536.050080775444,3
06107,2018,4683.031191816294,3
06109,2018,4781.738297720289,3
06111,2018,5461.7947484668075,4
06113,2018,4285.775053631627,2
06115,2018,5341.632253454026,4
08001,2018,4294.866082782951,2
08003,2018,4187.608986822208,2
08005,2018,4629.965771428017,3
08007,2018,3543.79446366782,1
08009,2018,6094.100971922247,4
08011,2018,4123.642896935933,1
08013,2018,4056.5636793221443,1
08015,2018,4233.649518468853,2
08017,2018,5984.410714285715,4
08019,2018,3937.5342667649224,1
08021,2018,4356.8729351969505,2
08023,2018,3693.268829663963,1
08025,2018,3423.6066718386346,1
08027,2018,3018.2327829238825,1
08029,2018,3389.733746841259,1
08031,2018,4627.49776214446,3
08033,2018,3753.6990950226245,1
08035,2018,4330.211526607766,2
08037,2018,4238.653589227018,2
08039,2018,4222.024283206553,2
08041,2018,4014.8634361915374,1
08043,2018,3839.2219198088155,1
08045,2018,4533.809678920428,3
08047,2018,4183.513622603431,2
08049,2018,4541.729350649351,3
08051,2018,3499.0236930208603,1
08053,2018,2930.680387409201,1
08055,2018,3918.708979233694,1
08057,2018,4502.03264604811,2
08059,2018,4247.2274976365,2
08061,2018,6636.208469055375,4
08063,2018,5440.715967623252,4
08065,2018,4693.996943765281,3
08067,2018,3552.338765544262,1
08069,2018,4024.5872570308775,1
08071,2018,3775.2637912173777,1
08073,2018,5366.054644808743,4
08075,2018,4972.893317702227,4
08077,2018,3370.7735670073753,1
08079,2018,4334.791866028708,2
08081,2018,5787.063492063492,4
08083,2018,3665.1719369500047,1
08085,2018,3159.051347009392,1
08087,2018,4543.279297820824,3
08089,2018,3887.223255187281,1
08091,2018,3196.1501091703058,1
08093,2018,3339.34264133669,1
08095,2018,7522.425643720441,4
08097,2018,5485.118462226196,4
08099,2018,4904.942482789252,3
08101,2018,4467.205179053197,2
08103,2018,6776.886261261261,4
08105,2018,4639.050101557211,3
08107,2018,3809.834368208631,1
08109,2018,2969.4232039636663,1
08111,2018,2922.6826568265683,1
08113,2018,2930.9766647694933,1
08115,2018,5562.502392344498,4
08117,2018,3429.4667393675027,1
08119,2018,3409.8599033816427,1
08121,2018,4665.724557522124,3
08123,2018,4353.010176732563,2
08125,2018,5724.414044289044,4
08014,2018,3859.992505353319,1
09001,2018,5648.365297259024,4
09003,2018,5354.213285603442,4
09005,2018,5435.656517397349,4
09007,2018,5431.139764246724,4
09009,2018,5895.141527823152,4
09011,2018,5516.129384959303,4
09013,2018,5263.283698674955,4
09015,2018,5584.474744426421,4
10001,2018,5007.659309672591,4
10003,2018,4885.673042836528,3
10005,2018,4819.284771778645,3
11001,2018,4955.24788791996,4
12001,2018,5009.705014565451,4
12003,2018,5913.3433392828165,4
12005,2018,5183.391544943315,4
12007,2018,5522.092368261659,4
12009,2018,4852.005432167475,3
12011,2018,5754.171504740524,4
12013,2018,5209.964743589743,4
12015,2018,5239.724407774987,4
12017,2018,4620.6580817916265,3
12019,2018,4900.659345631028,3
12021,2018,4724.845851562334,3
12023,2018,5488.199942723498,4
12086,2018,6712.536297616764,4
12027,2018,5876.121154913937,4
12029,2018,5402.240088996764,4
12031,2018,5304.0743819116715,4
12033,2018,4583.401252648275,3
12035,2018,4578.280203126662,3
12037,2018,4379.328471248247,2
12039,2018,4428.44729981378,2
12041,2018,5261.011737089202,4
12043,2018,5290.051905024849,4
12045,2018,4939.609010600707,4
12047,2018,4611.440174039159,3
12049,2018,4496.591146806126,2
12051,2018,4783.13783533765,3
12053,2018,5559.188495934174,4
12055,2018,5244.247686974738,4
12057,2018,5381.544952610556,4
12059,2018,4733.988357457521,3
12061,2018,4893.664875082878,3
12063,2018,4698.774706665054,3
12065,2018,4547.825495049505,3
12067,2018,5558.180746561886,4
12069,2018,5069.752759927975,4
12071,2018,4762.951211900551,3
12073,2018,4279.328311818524,2
12075,2018,5043.401347007501,4
12077,2018,5496.383737517832,4
12079,2018,4578.145524341302,3
12081,2018,5138.259154929578,4
12083,2018,4902.547903912752,3
12085,2018,5133.22652706196,4
12087,2018,4685.996527906032,3
12089,2018,4678.87689491029,3
12091,2018,4652.411748790425,3
12093,2018,5855.781151832461,4
12095,2018,5170.890290555221,4
12097,2018,4864.841767409837,3
12099,2018,5856.886335127261,4
12101,2018,5411.12780888178,4
12103,2018,5715.218472796999,4
12105,2018,4885.278292654169,3
12107,2018,5539.592540813565,4
12109,2018,4504.849965394376,2
12111,2018,5366.504341586808,4
12113,2018,4454.330394882575,2
12115,2018,4992.685820835482,4
12117,2018,5260.036773901706,4
12119,2018,4370.0842054728755,2
12121,2018,4975.460281805187,4
12123,2018,4471.011034482759,2
12125,2018,5657.348205300234,4
12127,2018,4790.982016348774,3
12129,2018,4439.5736717180935,2
12131,2018,4477.980046877818,2
12133,2018,4409.498945592577,2
13001,2018,4544.1014967259125,3
13003,2018,4444.73121869783,2
13005,2018,5316.959324967546,4
13007,2018,4404.68018018018,2
13009,2018,4575.218542312805,3
13011,2018,4094.3402633402634,1
13013,2018,4625.545055390435,3
13015,2018,4802.665550439515,3
13017,2018,4230.792213671344,2
13019,2018,4926.82606060606,4
13021,2018,4558.127983324648,3
13023,2018,4975.225449515906,4
13025,2018,4989.252801992528,4
13027,2018,4811.503084688727,3
13029,2018,4151.181210977204,1
13031,2018,4587.231963185399,3
13033,2018,3867.658611040448,1
13035,2018,4375.696555397727,2
13037,2018,4568.255750273823,3
13039,2018,4922.060393873086,3
13043,2018,4174.496839443742,2
13045,2018,4632.32870966555,3
13047,2018,4589.502080879466,3
13049,2018,5222.497472924188,4
13051,2018,4324.486565219751,2
13053,2018,4290.878962536023,2
13055,2018,4853.028832429346,3
13057,2018,4532.304736073441,3
13059,2018,4251.980208979014,2
13061,2018,4302.899854862119,2
13063,2018,4066.007532409477,1
13065,2018,5128.840443213297,4
13067,2018,4174.536420731749,2
13069,2018,5292.96137584276,4
13071,2018,5300.314231678487,4
13073,2018,3709.4991003516807,1
13075,2018,4682.418094089264,3
13077,2018,4167.936102111714,2
13079,2018,4620.656055900621,3
13081,2018,4332.097598760651,2
13083,2018,4173.599659284498,2
13085,2018,4214.278395150815,2
13087,2018,4300.688930473586,2
13089,2018,4081.861398977846,1
13091,2018,5123.502478402493,4
13093,2018,4393.079260780288,2
13095,2018,4154.784771432542,1
13097,2018,4479.49164324804,2
13099,2018,4335.464876792938,2
13101,2018,3507.821862348178,1
13103,2018,4278.799276111686,2
13105,2018,4024.5235093696765,1
13107,2018,4390.844115497076,2
13109,2018,4056.2759781236855,1
13111,2018,4041.6211323542993,1
13113,2018,4045.4733935559375,1
13115,2018,5085.819296933433,4
13117,2018,4257.871386950855,2
13119,2018,4287.992176386913,2
13121,2018,4378.624302814313,2
13123,2018,4215.542533806464,2
13125,2018,4007.8725602755453,1
13127,2018,4524.0261831192065,3
13129,2018,4502.444413052691,2
13131,2018,4418.673013100437,2
13133,2018,3936.589397384878,1
13135,2018,4056.010229360639,1
13137,2018,4217.977965348734,2
13139,2018,4409.111590841804,2
13141,2018,4119.476708074534,1
13143,2018,4685.476592890677,3
13145,2018,4335.714763570017,2
13147,2018,4128.401287208367,1
13149,2018,4036.39804400978,1
13151,2018,3983.92420216827,1
13153,2018,4607.993420856777,3
13155,2018,4305.5221432476765,2
13157,2018,4171.994140022617,2
13159,2018,3936.312089609888,1
13161,2018,4772.883324006715,3
13163,2018,4621.438951483099,3
13165,2018,3966.979865771812,1
13167,2018,4169.250492125984,2
13169,2018,4688.819313779745,3
13171,2018,4211.151251916198,2
13173,2018,5277.357100766058,4
13175,2018,4223.426057714867,2
13177,2018,3855.7468805704098,1
13179,2018,3903.8095396193007,1
13181,2018,3895.933393747168,1
13183,2018,4370.178677784395,2
13185,2018,4168.828217101738,2
13187,2018,4373.870812720848,2
13189,2018,4072.3057929724596,1
13191,2018,4575.808291770573,3
13193,2018,4100.134020618557,1
13195,2018,4053.858502106837,1
13197,2018,2946.9205058717253,1
13199,2018,4430.179817737275,2
13201,2018,4723.321770334928,3
13205,2018,4121.1812331326555,1
13207,2018,4675.537423766402,3
13209,2018,4864.154504277806,3
13211,2018,4049.857019810508,1
13213,2018,4282.381233346022,2
13215,2018,4083.851775001128,1
13217,2018,4350.252813942632,2
13219,2018,4091.795854271357,1
13221,2018,4203.578062804069,2
13223,2018,4494.152013680052,2
13225,2018,4661.991232227489,3
13227,2018,4206.92287379348,2
13229,2018,4869.6463458755425,3
13231,2018,3972.2931533269048,1
13233,2018,5179.369340401495,4
13235,2018,4493.534106891701,2
13237,2018,4363.5420689655175,2
13239,2018,4550.909547738694,3
13241,2018,4032.6245025582716,1
13243,2018,3521.645502645503,1
13245,2018,3869.4830186131303,1
13247,2018,4117.048028774949,1
13249,2018,3783.8805970149256,1
13251,2018,4418.971140375455,2
13253,2018,4696.9850538755645,3
13255,2018,4007.14427986133,1
13257,2018,4248.941987539577,2
13259,2018,4676.057833859096,3
13261,2018,4004.41499605367,1
13263,2018,3774.5115853658535,1
13265,2018,3373.9626556016597,1
13267,2018,4081.274237077019,1
13269,2018,4418.27932232841,2
13271,2018,4809.616966580977,3
13273,2018,4223.001353790613,2
13275,2018,4421.82970705347,2
13277,2018,4416.5090641842235,2
13279,2018,4162.432460063897,1
13281,2018,3888.5088794593744,1
13283,2018,4412.345132743363,2
13285,2018,4524.666173073506,3
13287,2018,4505.690465431541,2
13289,2018,4768.672482552343,3
13291,2018,3871.353220215289,1
13293,2018,3971.639468690702,1
13295,2018,4783.875947386436,3
13297,2018,4323.034487385937,2
13299,2018,4968.12365410498,4
13301,2018,4790.64972634871,3
13303,2018,4161.083003952569,1
13305,2018,4675.215358697178,3
13307,2018,2998.3533834586465,1
13309,2018,4791.919354838709,3
13311,2018,4404.14694181999,2
13313,2018,4137.0729131558255,1
13315,2018,4483.906415822479,2
13317,2018,5100.472611077297,4
13319,2018,4205.382537920828,2
13321,2018,4388.344142011834,2
15001,2018,3063.3239058303047,1
15003,2018,3138.622848180358,1
15007,2018,2916.6892669660365,1
15009,2018,3293.796530707923,1
16001,2018,3405.5604184599088,1
16003,2018,3894.686753246753,1
16005,2018,4403.25110176282,2
16007,2018,4615.0532639167,3
16009,2018,3830.177451369591,1
16011,2018,4372.513932443329,2
16013,2018,4307.91614994363,2
16015,2018,3560.777119146414,1
16017,2018,3292.552547874067,1
16019,2018,4343.922935448973,2
16021,2018,3202.207472731492,1
16023,2018,5205.611111111111,4
16025,2018,5145.915942028985,4
16027,2018,3462.789686792902,1
16029,2018,5534.92064777328,4
16031,2018,3993.2883446549877,1
16033,2018,3606.0478723404253,1
16035,2018,3984.22406277245,1
16037,2018,3958.6004504504504,1
16039,2018,3846.44974681602,1
16041,2018,4151.943289224952,1
16043,2018,3745.694626474443,1
16045,2018,3457.8419439579684,1
16047,2018,4995.937529918621,4
16049,2018,4151.139909149902,1
16051,2018,3952.07478055368,1
16053,2018,4108.01763907734,1
16055,2018,3767.716496213281,1
16057,2018,3720.7628378378377,1
16059,2018,3947.529448621554,1
16061,2018,4230.352780060258,2
16063,2018,4735.114104595879,3
16065,2018,3720.770850884583,1
16067,2018,4105.936897789534,1
16069,2018,4109.946110499384,1
16071,2018,5349.418669647848,4
16073,2018,3267.029685423128,1
16075,2018,3718.07503777069,1
16077,2018,4088.0695847362513,1
16079,2018,3696.0373995617238,1
16081,2018,3941.205533596838,1
16083,2018,4105.319509942146,1
16085,2018,4135.988365800866,1
16087,2018,4176.392266536965,2
17001,2018,5090.07652457679,4
17003,2018,4378.994385964912,2
17005,2018,4710.180131004367,3
17007,2018,4465.724370620296,2
17009,2018,5235.680837563452,4
17011,2018,4385.9815857188805,2
17013,2018,5127.306775067751,4
17015,2018,4097.483827034389,1
17017,2018,4744.194033592379,3
17019,2018,4500.657202378952,2
17021,2018,5126.058125219838,4
17023,2018,4837.003341540626,3
17025,2018,4900.465171843412,3
17027,2018,4755.554837406585,3
17029,2018,5126.624408432525,4
17031,2018,5636.857316773194,4
17033,2018,4417.08899562085,2
17035,2018,4880.067589314452,3
17037,2018,5060.3926513890665,4
17039,2018,4884.231408308004,3
17041,2018,4618.929042469005,3
17043,2018,4662.270285443604,3
17045,2018,5341.689276885043,4
17047,2018,4683.662353416903,3
17049,2018,4740.140332562822,3
17051,2018,5042.857371794872,4
17053,2018,5521.212069386758,4
17055,2018,4720.901336898396,3
17057,2018,4438.147889720899,2
17059,2018,4786.48649825784,3
17061,2018,5536.907325860689,4
17063,2018,5120.2292273546955,4
17065,2018,4974.614073840328,4
17067,2018,4685.249061662198,3
17069,2018,4799.039466047591,3
17071,2018,4606.341245136186,3
17073,2018,4061.22715350635,1
17075,2018,5214.935374755208,4
17077,2018,4499.157956166516,2
17079,2018,4661.290590679727,3
17081,2018,4808.794842488749,3
17083,2018,4669.855535915153,3
17085,2018,3827.9755393239343,1
17087,2018,4373.666593599299,2
17089,2018,4927.200469579074,4
17091,2018,5536.775474099134,4
17093,2018,4621.211974829976,3
17095,2018,4477.680953542251,2
17097,2018,4820.071804040128,3
17099,2018,4903.694560778976,3
17101,2018,4863.717493661717,3
17103,2018,4463.123320496363,2
17105,2018,4637.925112236126,3
17107,2018,4498.9347376111045,2
17109,2018,4573.896365422397,3
17111,2018,5065.626599913413,4
17113,2018,3951.1266173488334,1
17115,2018,4740.63627607533,3
17117,2018,4712.26898977685,3
17119,2018,4650.607420215993,3
17121,2018,5491.741016830703,4
17123,2018,4355.298831385643,2
17125,2018,5055.507551332089,4
17127,2018,5200.013169146571,4
17129,2018,4442.826152004787,2
17131,2018,4485.362790697674,2
17133,2018,4680.753538050734,3
17135,2018,4480.1033482731345,2
17137,2018,4958.687376014427,4
17139,2018,4752.859396914446,3
17141,2018,4443.452127659574,2
17143,2018,4298.329784936949,2
17145,2018,5440.591555977229,4
17147,2018,4319.061011567249,2
17149,2018,5238.334725345326,4
17151,2018,4114.776774193549,1
17153,2018,4873.549705139006,3
17155,2018,4625.823385518591,3
17157,2018,4741.849037987173,3
17159,2018,4584.013799448022,3
17161,2018,4267.444501877142,2
17163,2018,4798.962694720519,3
17165,2018,4885.188091207807,3
17167,2018,4549.689007222426,3
17169,2018,4595.086558468581,3
17171,2018,3991.7323232323233,1
17173,2018,4720.84703433923,3
17175,2018,4015.3199214916585,1
17177,2018,4028.575321449445,1
17179,2018,4393.272846612138,2
17181,2018,4146.115709185329,1
17183,2018,4730.6003183945195,3
17185,2018,4302.711208893006,2
17187,2018,4168.374426710695,2
17189,2018,4825.1415947822425,3
17191,2018,4464.628303626306,2
17193,2018,4585.341825570491,3
17195,2018,4451.538468448237,2
17197,2018,5237.218266705573,4
17199,2018,4669.740836074169,3
17201,2018,4323.077297266899,2
17203,2018,4189.1491045809835,2
18001,2018,4226.226859504132,2
18003,2018,4072.376206101166,1
18005,2018,4548.840572597137,3
18007,2018,4834.89246598075,3
18009,2018,5449.016273584905,4
18011,2018,4586.654292343387,3
18013,2018,3445.9273091030345,1
18015,2018,4461.84794349813,2
18017,2018,4956.8175874769795,4
18019,2018,4905.108624823261,3
18021,2018,4513.293712051044,3
18023,2018,4401.3771641463945,2
18025,2018,4356.050483091787,2
18027,2018,4792.880413777424,3
18029,2018,4417.828905866685,2
18031,2018,4401.057675016056,2
18033,2018,4077.4982253771072,1
18035,2018,5077.417701679678,4
18037,2018,3947.8764257224825,1
18039,2018,4051.646418183048,1
18041,2018,4699.098727735369,3
18043,2018,4558.801634569404,3
18045,2018,4651.912385387862,3
18047,2018,4082.886166312946,1
18049,2018,4021.6704267719497,1
18051,2018,4765.030293088364,3
18053,2018,4838.519311349973,3
18055,2018,4803.362996158771,3
18057,2018,4201.832756825113,2
18059,2018,4413.519460653787,2
18061,2018,4509.536425429828,2
18063,2018,4320.19538293867,2
18065,2018,4846.828189078351,3
18067,2018,4671.3331380446725,3
18069,2018,4135.610029154519,1
18071,2018,3886.4959114561825,1
18073,2018,5105.945067980655,4
18075,2018,4002.691066006073,1
18077,2018,4700.381436314363,3
18079,2018,4308.675944074219,2
18081,2018,4355.936883793065,2
18083,2018,5154.735866543096,4
18085,2018,4142.773305790631,1
18087,2018,3779.8205388180763,1
18089,2018,5740.074755559894,4
18091,2018,4868.537794445096,3
18093,2018,4288.633296851864,2
18095,2018,4976.9479944360855,4
18097,2018,4885.227398087907,3
18099,2018,4006.111766384476,1
18101,2018,3931.3337358126055,1
18103,2018,4229.536192771085,2
18105,2018,3745.105621860301,1
18107,2018,4606.02884182064,3
18109,2018,4207.665902265902,2
18111,2018,4630.411545623836,3
18113,2018,3889.0380701954955,1
18115,2018,4053.8407281001137,1
18117,2018,4269.859379750684,2
18119,2018,3833.7928333333334,1
18121,2018,4619.085967384739,3
18123,2018,4664.822913550703,3
18125,2018,4520.197796695043,3
18127,2018,4969.828207525123,4
18129,2018,4457.869390787519,2
18131,2018,4535.214130905939,3
18133,2018,4710.192190497686,3
18135,2018,4504.095486111111,2
18137,2018,4191.059701492537,2
18139,2018,4806.534512930197,3
18141,2018,4268.624221475334,2
18143,2018,4583.241046831956,3
18145,2018,5066.957050092765,4
18147,2018,4424.429828486204,2
18149,2018,4853.752298539751,3
18151,2018,4263.630176106616,2
18153,2018,4862.438481475835,3
18155,2018,4208.107235621521,2
18157,2018,4536.648057918353,3
18159,2018,5130.453411924734,4
18161,2018,4149.990151515151,1
18163,2018,4756.925176652792,3
18165,2018,4764.038528591353,3
18167,2018,5149.037769404672,4
18169,2018,4140.014562550166,1
18171,2018,4165.352357320099,1
18173,2018,4788.362891737892,3
18175,2018,4215.648133543638,2
18177,2018,5048.435047789058,4
18179,2018,3773.7270363951475,1
18181,2018,4360.003581895148,2
18183,2018,3801.485176034589,1
19001,2018,4889.165848129958,3
19003,2018,5186.527393136665,4
19005,2018,3800.3696069868997,1
19007,2018,4468.5452236764995,2
19009,2018,4417.777654046028,2
19011,2018,4445.0516379789005,2
19013,2018,4124.163872182735,1
19015,2018,4205.359564164649,2
19017,2018,4445.310152473038,2
19019,2018,4108.807916381083,1
19021,2018,4042.288833437305,1
19023,2018,4626.684945680289,3
19025,2018,4507.857719023079,2
19027,2018,4011.852251038509,1
19029,2018,4523.113044841643,3
19031,2018,3594.34524028724,1
19033,2018,4309.097621407334,2
19035,2018,4429.198925800676,2
19037,2018,5015.925239901808,4
19039,2018,4834.766081871345,3
19041,2018,4082.6567381519726,1
19043,2018,4473.750038173767,2
19045,2018,4511.412387836491,2
19047,2018,4524.952869221083,3
19049,2018,3624.1561788617887,1
19051,2018,4830.051043219076,3
19053,2018,4248.0172297297295,2
19055,2018,4046.4313528703333,1
19057,2018,4200.934191355027,2
19059,2018,3628.3359982234065,1
19061,2018,3537.293922341024,1
19063,2018,4536.503653075654,3
19065,2018,4594.493470149254,3
19067,2018,4449.220474822319,2
19069,2018,4850.345406125167,3
19071,2018,5411.998320456836,4
19073,2018,4777.489647453834,3
19075,2018,3969.223966118585,1
19077,2018,3934.384722544695,1
19079,2018,5174.754112860428,4
19081,2018,5082.144811858609,4
19083,2018,4640.270216701902,3
19085,2018,4884.2601713062095,3
19087,2018,3886.3191570881227,1
19089,2018,4948.109582653299,4
19091,2018,4469.1214595560095,2
19093,2018,5111.980708523325,4
19095,2018,4612.422342814371,3
19097,2018,4726.309331990601,3
19099,2018,3775.363974630021,1
19101,2018,3916.2247753719253,1
19103,2018,3622.8519012446995,1
19105,2018,4569.928571428572,3
19107,2018,4010.6368355995055,1
19109,2018,4451.53326372315,2
19111,2018,4034.325949586834,1
19113,2018,3981.8216396201906,1
19115,2018,4165.61848275862,2
19117,2018,4096.53665241295,1
19119,2018,4706.220839813374,3
19121,2018,4289.5933600713015,2
19123,2018,4170.949307439669,2
19125,2018,4230.356992823386,2
19127,2018,3703.9512124292146,1
19129,2018,4219.763915920592,2
19131,2018,4380.593422114609,2
19133,2018,4736.982416335792,3
19135,2018,4375.680388349515,2
19137,2018,5656.52880034647,4
19139,2018,4181.334341143865,2
19141,2018,4673.4208955223885,3
19143,2018,4509.4779951100245,2
19145,2018,5373.084177119541,4
19147,2018,4978.734480353406,4
19149,2018,4221.272404730617,2
19151,2018,4849.181024447032,3
19153,2018,3644.5750009234293,1
19155,2018,4251.155280649926,2
19157,2018,3711.406330935252,1
19159,2018,5795.267123287671,4
19161,2018,4751.79659574468,3
19163,2018,4302.238823714139,2
19165,2018,5020.120706769902,4
19167,2018,4612.759271944417,3
19169,2018,3620.590251790252,1
19171,2018,4209.6369659982565,2
19173,2018,5546.8746794871795,4
19175,2018,4652.156893542758,3
19177,2018,4788.942784488239,3
19179,2018,4620.299435979459,3
19181,2018,3698.2577392120074,1
19183,2018,4180.530948602124,2
19185,2018,4259.451503600169,2
19187,2018,4117.362574785555,1
19189,2018,4252.422054740183,2
19191,2018,3936.911936560935,1
19193,2018,4114.989152795961,1
19195,2018,4195.9937521693855,2
19197,2018,5445.879396092362,4
20001,2018,4982.12372110648,4
20003,2018,5734.1216981132075,4
20005,2018,4758.644673792849,3
20007,2018,7183.905558288244,4
20009,2018,5093.325920170923,4
20011,2018,4079.518903036239,1
20013,2018,5467.471201588878,4
20015,2018,4355.305467511886,2
20017,2018,4117.4071566731145,1
20019,2018,4850.60368956743,3
20021,2018,4574.8819290465635,3
20023,2018,7207.6196549137285,4
20025,2018,8114.793296089386,4
20027,2018,4677.786807681603,3
20029,2018,4621.701218055888,3
20031,2018,4303.646351462148,2
20033,2018,6753.239687848383,4
20035,2018,4446.30240331052,2
20037,2018,4463.189635664177,2
20039,2018,6534.798894263994,4
20041,2018,4719.791592980547,3
20043,2018,5519.293868232225,4
20045,2018,3829.3203769140164,1
20047,2018,5484.468844984803,4
20049,2018,5811.495393338058,4
20051,2018,4778.641901006537,3
20053,2018,5967.786984640259,4
20055,2018,4537.01082127805,3
20057,2018,3966.4658098933073,1
20059,2018,4831.463504067836,3
20061,2018,3929.7287473715833,1
20063,2018,6992.3265625,4
20065,2018,6184.081980519481,4
20067,2018,4718.153217568948,3
20069,2018,3677.5847290640395,1
20071,2018,6421.70036101083,4
20073,2018,5114.930834856795,4
20075,2018,8447.167803547067,4
20077,2018,6095.194773376888,4
20079,2018,4438.16416008157,2
20081,2018,5962.854304635762,4
20083,2018,5884.727524204703,4
20085,2018,4770.8178613396,3
20087,2018,4106.826028995168,1
20089,2018,5450.956834532374,4
20091,2018,4335.265540399616,2
20093,2018,5173.520632133451,4
20095,2018,5302.095207667731,4
20097,2018,4855.0574074074075,3
20099,2018,4491.4742136763025,2
20101,2018,7406.261213720317,4
20103,2018,4576.910909090909,3
20105,2018,7322.918396564066,4
20107,2018,4521.136890243903,3
20109,2018,6663.76941362916,4
20111,2018,4490.900538396147,2
20113,2018,4368.093099294441,2
20115,2018,4808.55962305183,3
20117,2018,5011.769300635786,4
20119,2018,6149.305723905724,4
20121,2018,4537.76368986694,3
20123,2018,4863.868801652892,3
20125,2018,4485.488630657772,2
20127,2018,5316.264037433155,4
20129,2018,5116.914853358562,4
20131,2018,4795.596029657977,3
20133,2018,5071.748049052397,4
20135,2018,7451.331568497683,4
20137,2018,5715.5994397759105,4
20139,2018,4355.489086499596,2
20141,2018,5393.005643340858,4
20143,2018,4694.263620386643,3
20145,2018,6186.564975677554,4
20147,2018,6315.657982880536,4
20149,2018,4698.55412812607,3
20151,2018,5167.124136024329,4
20153,2018,8541.42766798419,4
20155,2018,4430.384636650869,2
20157,2018,4998.919315403423,4
20159,2018,4617.600466079752,3
20161,2018,3881.895411972309,1
20163,2018,5291.533901918977,4
20165,2018,5394.32129742962,4
20167,2018,5612.24456048738,4
20169,2018,4490.225966303271,2
20171,2018,7873.217847769029,4
20173,2018,4168.235206863374,2
20175,2018,4617.060705113238,3
20177,2018,4434.663307270925,2
20179,2018,6045.031589338598,4
20181,2018,5716.7091516924365,4
20183,2018,5502.107438016529,4
20185,2018,6319.926369863014,4
20187,2018,7088.996875,4
20189,2018,5701.008855585831,4
20191,2018,3730.9472298409214,1
20193,2018,6116.962271199103,4
20195,2018,7501.736882129278,4
20197,2018,4601.70633319887,3
20199,2018,6493.951541850221,4
20201,2018,5279.724266072092,4
20203,2018,7925.0745891276865,4
20205,2018,5232.774209989806,4
20207,2018,4967.2123056119,4
20209,2018,5021.61542181223,4
21001,2018,4953.652665317139,4
21003,2018,4924.476182345911,4
21005,2018,4171.941642350979,2
21007,2018,4742.504219983664,3
21009,2018,4718.021833068001,3
21011,2018,4423.2307692307695,2
21013,2018,4652.979611745195,3
21015,2018,4807.164110169491,3
21017,2018,4408.232993551072,2
21019,2018,4756.732891388778,3
21021,2018,4370.573622127314,2
21023,2018,4552.188267934998,3
21025,2018,4949.199383350462,4
21027,2018,4640.794911097486,3
21029,2018,4650.569677894596,3
21031,2018,5027.478902953587,4
21033,2018,4854.574869791667,3
21035,2018,4226.429343553459,2
21037,2018,4738.079696502938,3
21039,2018,4499.4173363949485,2
21041,2018,4639.861985472155,3
21043,2018,4546.744069343065,3
21045,2018,5361.402400629673,4
21047,2018,4582.474078923874,3
21049,2018,4360.919702354509,2
21051,2018,5128.769783024888,4
21053,2018,4787.359894459103,3
21055,2018,5117.449881073734,4
21057,2018,5722.054326736516,4
21059,2018,4700.231499608457,3
21061,2018,5145.969783149662,4
21063,2018,4322.256586169045,2
21065,2018,4100.172143974961,1
21067,2018,4457.160594679728,2
21069,2018,4764.070456019019,3
21071,2018,4876.312577234656,3
21073,2018,4939.4082800150545,4
21075,2018,4805.008016730568,3
21077,2018,4845.2793497892835,3
21079,2018,4321.096287472702,2
21081,2018,4785.414625550661,3
21083,2018,4923.700033200531,3
21085,2018,4899.589460908263,3
21087,2018,5376.247608328644,4
21089,2018,5036.968114950393,4
21091,2018,4474.909546061415,2
21093,2018,4287.308059516429,2
21095,2018,4734.74482823177,3
21097,2018,4397.456966841819,2
21099,2018,4217.158885403211,2
21101,2018,4851.942127591451,3
21103,2018,4303.450549450549,2
21105,2018,5046.9234167893965,4
21107,2018,4529.946820653999,3
21109,2018,4031.8130949616902,1
21111,2018,4534.908817596075,3
21113,2018,4078.5027660571964,1
21115,2018,5108.652238253792,4
21117,2018,4921.575757575758,3
21119,2018,4755.296775711932,3
21121,2018,4413.608106515848,2
21123,2018,4722.164198895028,3
21125,2018,4176.543826355118,2
21127,2018,4049.764052989617,1
21129,2018,5282.892682926829,4
21131,2018,5070.132266217354,4
21133,2018,4911.296774193548,3
21135,2018,4786.910672308416,3
21137,2018,4414.564872856298,2
21139,2018,4802.765210608424,3
21141,2018,4889.393969298246,3
21143,2018,4759.75752617801,3
21145,2018,4542.918352920386,3
21147,2018,4648.9105157645345,3
21149,2018,4739.430144745123,3
21151,2018,4160.729185062069,1
21153,2018,4645.794046466602,3
21155,2018,4386.562157534247,2
21157,2018,4745.805314994057,3
21159,2018,4763.740187949144,3
21161,2018,4479.996408045977,2
21163,2018,4358.784771051278,2
21165,2018,4447.542645241038,2
21167,2018,4543.031976744186,3
21169,2018,4835.809441565918,3
21171,2018,5400.820048309179,4
21173,2018,4524.657418056354,3
21175,2018,4240.692878338279,2
21177,2018,4780.516014595581,3
21179,2018,4338.416098839386,2
21181,2018,4608.392539964476,3
21183,2018,4784.2052631578945,3
21185,2018,3885.95230094278,1
21187,2018,4442.29009552539,2
21189,2018,4450.853532452614,2
21191,2018,4948.301264261487,4
21193,2018,5180.55862133036,4
21195,2018,4734.729177958447,3
21197,2018,4305.993895966029,2
21199,2018,4421.215995230389,2
21201,2018,3630.468702290076,1
21203,2018,4694.979706223425,3
21205,2018,4593.597531325977,3
21207,2018,4200.105598979104,2
21209,2018,4037.850952433998,1
21211,2018,4154.808838967037,1
21213,2018,5422.890405904059,4
21215,2018,4293.615947712418,2
21217,2018,5240.243902439024,4
21219,2018,4513.045641931684,3
21221,2018,4574.833773584905,3
21223,2018,4458.122536418166,2
21225,2018,4809.981519507187,3
21227,2018,4786.521879302818,3
21229,2018,4231.801233529577,2
21231,2018,3788.718825301205,1
21233,2018,4510.005297679112,2
21235,2018,4682.212442445658,3
21237,2018,4370.777737752162,2
21239,2018,3916.7984809308336,1
22001,2018,4927.5114772727275,4
22003,2018,4935.382301656496,4
22005,2018,4325.584327086883,2
22007,2018,4878.596335583414,3
22009,2018,5511.059649630809,4
22011,2018,5070.8911167918195,4
22013,2018,6785.282086887522,4
22015,2018,5284.975036506502,4
22017,2018,5269.708386427619,4
22019,2018,4850.311162481174,3
22021,2018,6238.757461514295,4
22023,2018,4807.223728813559,3
22025,2018,4869.234804329725,3
22027,2018,5314.492049849592,4
22029,2018,5659.220875747294,4
22031,2018,4909.601142857143,3
22033,2018,4629.626674673645,3
22035,2018,5739.233529726835,4
22037,2018,4653.336365653428,3
22039,2018,5629.203724752994,4
22041,2018,5908.0498186977775,4
22043,2018,4638.623901009443,3
22045,2018,4760.361125039887,3
22047,2018,5183.308944646619,4
22049,2018,5731.685457216306,4
22051,2018,4620.848981435184,3
22053,2018,5130.078718946424,4
22055,2018,4588.894335700676,3
22057,2018,4307.58842163254,2
22059,2018,5325.330322580645,4
22061,2018,5276.379490411452,4
22063,2018,4745.196408791465,3
22065,2018,6357.394975575715,4
22067,2018,5602.80945709282,4
22069,2018,5076.729871892763,4
22071,2018,4783.342967652548,3
22073,2018,5414.913545198854,4
22075,2018,4534.961011591148,3
22077,2018,4592.326608383771,3
22079,2018,4772.499906120916,3
22081,2018,6968.258708414873,4
22083,2018,6064.276557959315,4
22085,2018,5083.618161925602,4
22087,2018,5202.245953488372,4
22089,2018,4591.010858995138,3
22091,2018,5964.077023498695,4
22093,2018,4440.8214654282765,2
22095,2018,4267.548875936719,2
22097,2018,5415.251161213765,4
22099,2018,4550.706646639129,3
22101,2018,5029.468800938906,4
22103,2018,5063.077225013458,4
22105,2018,5725.727568090695,4
22107,2018,5111.605381165919,4
22109,2018,4697.5569039235415,3
22111,2018,5571.755629906061,4
22113,2018,4893.210480349345,3
22115,2018,5381.70335454474,4
22117,2018,7107.785719781488,4
22119,2018,5336.809242456215,4
22121,2018,4153.841715976331,1
22123,2018,5590.994783086217,4
22125,2018,5210.507672634271,4
22127,2018,5714.049613108785,4
23001,2018,4127.944952508739,1
23003,2018,4496.004690248193,2
23005,2018,4219.215577113112,2
23007,2018,4175.530631479736,2
23009,2018,4482.149945083807,2
23011,2018,3977.3198946346874,1
23013,2018,4202.18352629838,2
23015,2018,4289.345575567737,2
23017,2018,4026.7174235993207,1
23019,2018,4324.533612100357,2
23021,2018,4261.467155194975,2
23023,2018,3845.1150623719977,1
23025,2018,4575.060821974391,3
23027,2018,4099.273807787662,1
23029,2018,4216.646222340355,2
23031,2018,4286.177448965182,2
24001,2018,6053.532444192206,4
24003,2018,5117.476954181402,4
24005,2018,6074.468200169154,4
24510,2018,6974.275125739551,4
24009,2018,5186.767634542236,4
24011,2018,5977.959804264243,4
24013,2018,5381.851430962882,4
24015,2018,5737.688172043011,4
24017,2018,5401.508281945635,4
24019,2018,6045.783847137377,4
24021,2018,5144.641922896832,4
24023,2018,5067.798042155393,4
24025,2018,5468.161978483337,4
24027,2018,4581.185720586073,3
24029,2018,5867.413279607568,4
24031,2018,4659.944963539193,3
24033,2018,5025.565820969467,4
24035,2018,4936.6449900464495,4
24037,2018,5408.65107901671,4
24039,2018,5636.014047696831,4
24041,2018,5123.188621245717,4
24043,2018,5265.6297490123625,4
24045,2018,5407.126676558727,4
24047,2018,5223.793996790983,4
25001,2018,5677.2753572044085,4
25003,2018,5370.348693397167,4
25005,2018,5534.310520483602,4
25007,2018,5092.467109093026,4
25009,2018,5381.223511606706,4
25011,2018,4423.070297754324,2
25013,2018,4894.069702150352,3
25015,2018,4350.123384253819,2
25017,2018,5266.3391955729885,4
25019,2018,4795.695147365287,3
25021,2018,5669.582874377856,4
25023,2018,5754.292450589274,4
25025,2018,5952.801490089833,4
25027,2018,5361.076734610724,4
26001,2018,4213.89705882353,2
26003,2018,4036.3870967741937,1
26005,2018,4297.994504262001,2
26007,2018,4704.172380670903,3
26009,2018,4195.170580196298,2
26011,2018,4611.205909510619,3
26013,2018,4495.075282714055,2
26015,2018,4063.9055507120024,1
26017,2018,5076.778480403172,4
26019,2018,4297.648795385137,2
26021,2018,4190.498963415911,2
26023,2018,4126.706923780234,1
26025,2018,4510.6455730648395,2
26027,2018,4265.494744289468,2
26029,2018,4218.490597929432,2
26031,2018,4326.383548591996,2
26033,2018,4506.925110946746,2
26035,2018,4826.977704072231,3
26037,2018,4253.832399697199,2
26039,2018,4762.24010731053,3
26041,2018,3581.711052780931,1
26043,2018,3866.644738292011,1
26045,2018,4557.379564164649,3
26047,2018,4017.2744835199496,1
26049,2018,5626.939413636975,4
26051,2018,4402.274583122789,2
26053,2018,3863.9141716566864,1
26055,2018,4373.107781080608,2
26057,2018,5013.466993092594,4
26059,2018,4159.624701072283,1
26061,2018,3976.8630981150313,1
26063,2018,5230.017084464314,4
26065,2018,4565.0075225075025,3
26067,2018,4463.31594041265,2
26069,2018,4288.529733545086,2
26071,2018,4668.985884250857,3
26073,2018,4665.601183995645,3
26075,2018,4744.086262188515,3
26077,2018,4200.026521730247,2
26079,2018,4258.820723319282,2
26081,2018,4235.403682401312,2
26083,2018,4128.910788381742,1
26085,2018,4500.398564150069,2
26087,2018,4944.265020061487,4
26089,2018,4142.220529270248,1
26091,2018,4176.828628215982,2
26093,2018,4447.429842533513,2
26095,2018,5193.820683111954,4
26097,2018,4308.883337375697,2
26099,2018,5545.142513395386,4
26101,2018,4213.450810926163,2
26103,2018,3869.5325190682333,1
26105,2018,4654.635375589112,3
26107,2018,4189.027844366587,2
26109,2018,4039.851921274602,1
26111,2018,4555.71809445076,3
26113,2018,4096.011355571327,1
26115,2018,4819.932303409882,3
26117,2018,4563.5313319037405,3
26119,2018,4246.211246762856,2
26121,2018,4350.0507604862905,2
26123,2018,4152.556157112526,1
26125,2018,5218.386986967873,4
26127,2018,4522.811169195461,3
26129,2018,4533.840158371041,3
26131,2018,3619.4028843203437,1
26133,2018,4113.592811422945,1
26135,2018,4151.543963254593,1
26137,2018,4018.4007283834585,1
26139,2018,3876.6701194112748,1
26141,2018,4072.1126648657237,1
26143,2018,4582.756745571925,3
26145,2018,4821.305093844851,3
26147,2018,5026.433171324423,4
26149,2018,3968.572394869504,1
26151,2018,5026.771910196167,4
26153,2018,4789.035382830626,3
26155,2018,4436.507545880002,2
26157,2018,4964.689236743114,4
26159,2018,3972.7274519005164,1
26161,2018,4398.66730123812,2
26163,2018,5868.566918210756,4
26165,2018,3998.9735302061763,1
27001,2018,4653.409722222223,3
27003,2018,4415.457105859501,2
27005,2018,4645.51241103975,3
27007,2018,4812.996222641928,3
27009,2018,4218.796940194715,2
27011,2018,6003.014984227129,4
27013,2018,4318.01564856712,2
27015,2018,4936.654241894777,4
27017,2018,5049.693720565149,4
27019,2018,4015.232223701731,1
27021,2018,4947.760266370699,4
27023,2018,5547.238774432119,4
27025,2018,4385.957925231066,2
27027,2018,4042.3660483681615,1
27029,2018,4697.965370595382,3
27031,2018,4436.345291479821,2
27033,2018,5025.094786729858,4
27035,2018,4463.732629196529,2
27037,2018,4221.1918397218915,2
27039,2018,4421.646210596915,2
27041,2018,4580.796576794911,3
27043,2018,4957.8772123893805,4
27045,2018,4428.247979681367,2
27047,2018,4684.941423392483,3
27049,2018,4178.332072412862,2
27051,2018,5097.294210943695,4
27053,2018,4403.229422054394,2
27055,2018,3603.0502915451893,1
27057,2018,4700.349025202092,3
27059,2018,4853.459568162574,3
27061,2018,4399.027562619454,2
27063,2018,4972.326386435889,4
27065,2018,4827.555594651653,3
27067,2018,4432.253505053798,2
27069,2018,5209.896670493686,4
27071,2018,4401.483338428615,2
27073,2018,6340.2482935153585,4
27075,2018,4847.073901205757,3
27077,2018,4716.810307017544,3
27079,2018,4924.214680521777,4
27081,2018,5308.597328244275,4
27083,2018,4558.812562814071,3
27085,2018,4611.093449092344,3
27087,2018,4748.173633440514,3
27089,2018,5933.798421372192,4
27091,2018,4780.212980466288,3
27093,2018,4694.488466757123,3
27095,2018,4184.136093540349,2
27097,2018,4312.221157531621,2
27099,2018,5246.50567696252,4
27101,2018,5266.041870824053,4
27103,2018,4349.578663540446,2
27105,2018,4209.261329652634,2
27107,2018,4099.1739735560195,1
27109,2018,4421.700494163146,2
27111,2018,4144.7730067064085,1
27113,2018,4311.721695760599,2
27115,2018,4506.310086455332,2
27117,2018,5206.09723352319,4
27119,2018,4983.204362170088,4
27121,2018,4970.984089845578,4
27123,2018,4352.8515100765435,2
27125,2018,3419.8456057007124,1
27127,2018,5268.529554096094,4
27129,2018,5215.353822152886,4
27131,2018,4113.29033056828,1
27133,2018,4346.474664356864,2
27135,2018,3765.4568918176824,1
27137,2018,4492.1932364610975,2
27139,2018,4089.5412520729683,1
27141,2018,4261.754072592169,2
27143,2018,5201.540658276864,4
27145,2018,4308.6081135413315,2
27147,2018,4181.574922360249,2
27149,2018,6426.795362903225,4
27151,2018,5364.537335285505,4
27153,2018,4794.9047312520115,3
27155,2018,5368.137587238285,4
27157,2018,4445.901217861976,2
27159,2018,4093.3133828996283,1
27161,2018,3984.050200072754,1
27163,2018,4173.330898774672,2
27165,2018,4937.203397027601,4
27167,2018,4015.070567986231,1
27169,2018,4206.963876085325,2
27171,2018,4343.040812954395,2
27173,2018,5093.61575369852,4
28001,2018,5235.473522640062,4
28003,2018,4902.522429511562,3
28005,2018,4521.213269104445,3
28007,2018,5213.906053975201,4
28009,2018,4811.456286685202,3
28011,2018,5622.659382004483,4
28013,2018,4889.0914612981605,3
28015,2018,4383.145720894372,2
28017,2018,4196.906742614916,2
28019,2018,5502.950197061985,4
28021,2018,6294.312830188679,4
28023,2018,5631.192429022082,4
28025,2018,4102.794834800173,1
28027,2018,4863.2257557436515,3
28029,2018,4431.172992454105,2
28031,2018,5397.554207374725,4
28033,2018,4301.858510691075,2
28035,2018,4767.813276483129,3
28037,2018,5626.643853820598,4
28039,2018,4386.458006279435,2
28041,2018,5161.475731382979,4
28043,2018,5045.462899098899,4
28045,2018,4910.186804380732,3
28047,2018,4862.946656892495,3
28049,2018,4625.928644278376,3
28051,2018,5177.322779672025,4
28053,2018,4698.3849080532655,3
28055,2018,4226.1283018867925,2
28057,2018,4686.375679821504,3
28059,2018,4320.941514970231,2
28061,2018,4710.120062101087,3
28063,2018,5085.566337483899,4
28065,2018,4848.341630683261,3
28067,2018,5074.208270158511,4
28069,2018,5642.438117967951,4
28071,2018,3853.473989370269,1
28073,2018,4646.061746154697,3
28075,2018,5057.62604233483,4
28077,2018,5217.794208557019,4
28079,2018,5595.7634013805255,4
28081,2018,4368.935917746094,2
28083,2018,4525.577546704265,3
28085,2018,4692.010188301647,3
28087,2018,4207.90676742395,2
28089,2018,4371.722568777991,2
28091,2018,5267.726153492118,4
28093,2018,4874.418906918544,3
28095,2018,4760.574191621238,3
28097,2018,5339.309425460007,4
28099,2018,5143.325511274253,4
28101,2018,5294.87038977368,4
28103,2018,4910.275056689343,3
28105,2018,4312.230628480509,2
28107,2018,4852.705043760715,3
28109,2018,4882.79632877353,3
28111,2018,6181.988828202582,4
28113,2018,4692.281061608587,3
28115,2018,4360.613423243072,2
28117,2018,4855.225310960848,3
28119,2018,5139.270406328659,4
28121,2018,4562.919139998895,3
28123,2018,5698.582575342466,4
28125,2018,4705.552369806905,3
28127,2018,4699.387119033928,3
28129,2018,5164.142508540752,4
28131,2018,5285.544019528072,4
28133,2018,5558.143639921722,4
28135,2018,5622.974241030359,4
28137,2018,4718.065552547958,3
28139,2018,4588.883987253535,3
28141,2018,4727.645913277053,3
28143,2018,5318.745875883739,4
28145,2018,4160.943926181302,1
28147,2018,4797.349941245593,3
28149,2018,5011.075659464249,4
28151,2018,4699.113052285099,3
28153,2018,4803.930062248261,3
28155,2018,4979.061034940292,4
28157,2018,5411.573593802627,4
28159,2018,4799.188876013905,3
28161,2018,4759.054999294881,3
28163,2018,4929.285828556192,4
29001,2018,4856.623260698346,3
29003,2018,5302.039400044773,4
29005,2018,5668.353888452474,4
29007,2018,4207.94706601467,2
29009,2018,4046.2881470730526,1
29011,2018,4146.559418785677,1
29013,2018,5581.157416551452,4
29015,2018,4220.477496785255,2
29017,2018,4147.202446906741,1
29019,2018,4002.2882134914753,1
29021,2018,5168.221115336722,4
29023,2018,4404.656567511323,2
29025,2018,4858.90990990991,3
29027,2018,4081.1593507635725,1
29029,2018,4172.736884584342,2
29031,2018,3965.3289434188805,1
29033,2018,5209.484774993263,4
29035,2018,3863.890613451589,1
29037,2018,4880.431797853309,3
29039,2018,4388.656832298137,2
29041,2018,4743.540194040194,3
29043,2018,3661.4556698428723,1
29045,2018,4791.640535372849,3
29047,2018,4391.740621187952,2
29049,2018,4772.149309551209,3
29051,2018,4214.766752785403,2
29053,2018,4138.914341085271,1
29055,2018,4360.910921625545,2
29057,2018,3592.0256653992396,1
29059,2018,4403.412779191405,2
29061,2018,4817.459210040605,3
29063,2018,5219.644759598755,4
29065,2018,4390.368421052632,2
29067,2018,3737.795594077284,1
29069,2018,4911.877419354839,3
29071,2018,4739.43933644678,3
29073,2018,4894.287044072948,3
29075,2018,6019.748212269476,4
29077,2018,4027.651539653662,1
29079,2018,5933.588032220943,4
29081,2018,5618.9041932059445,4
29083,2018,4945.316800920598,4
29085,2018,4027.023397761953,1
29087,2018,4615.205317577548,3
29089,2018,3589.0630725863284,1
29091,2018,3875.3907310451814,1
29093,2018,4535.994260204082,3
29095,2018,4861.7814020879,3
29097,2018,4409.8095328574145,2
29099,2018,4778.093824706546,3
29101,2018,4745.678065820923,3
29103,2018,5371.407074340527,4
29105,2018,4351.21045813214,2
29107,2018,4764.132057517446,3
29109,2018,4036.51036365893,1
29111,2018,4929.91847005536,4
29113,2018,5062.139273196827,4
29115,2018,4540.230160158359,3
29117,2018,5217.6590025359255,4
29119,2018,4221.274374460742,2
29121,2018,4791.768748132656,3
29123,2018,4284.349595183724,2
29125,2018,4833.195524146055,3
29127,2018,4826.928300889633,3
29129,2018,4780.134137151469,3
29131,2018,4090.857218179901,1
29133,2018,4344.107638210588,2
29135,2018,4425.3296500920815,2
29137,2018,4502.749254473161,2
29139,2018,4216.041537094625,2
29141,2018,4092.5064220183485,1
29143,2018,4551.214298018949,3
29145,2018,4191.501102584458,2
29147,2018,5055.205163606241,4
29149,2018,3746.713209324229,1
29151,2018,4270.35188968335,2
29153,2018,3811.335921771642,1
29155,2018,4732.987422564295,3
29157,2018,5065.842767295598,4
29159,2018,4172.102725674092,2
29161,2018,4726.840320232896,3
29163,2018,4881.057570422535,3
29165,2018,4166.6159188568,2
29167,2018,4436.225462777999,2
29169,2018,4117.384153005464,1
29171,2018,4902.156279069767,3
29173,2018,4619.480852601156,3
29175,2018,4608.720946579194,3
29177,2018,5040.299100719424,4
29179,2018,4606.205882352941,3
29181,2018,4622.965793304221,3
29183,2018,4603.437889458887,3
29185,2018,5148.798447204969,4
29187,2018,4652.848823367824,3
29189,2018,4607.922951930207,3
29510,2018,5138.5663791855395,4
29186,2018,4562.242258652094,3
29195,2018,4260.241520633126,2
29197,2018,4806.880700138186,3
29199,2018,5371.540272614622,4
29201,2018,4272.702825274254,2
29203,2018,4104.319717786855,1
29205,2018,4679.432667876588,3
29207,2018,4344.611159319681,2
29209,2018,3881.7156661184213,1
29211,2018,4731.833198707593,3
29213,2018,3895.514927832334,1
29215,2018,4134.422619047619,1
29217,2018,3941.424298010442,1
29219,2018,4699.900061218243,3
29221,2018,4873.957921157537,3
29223,2018,4117.28140077821,1
29225,2018,3818.1357186921655,1
29227,2018,5670.863682604273,4
29229,2018,3951.3821701296397,1
30001,2018,4499.366822429906,2
30003,2018,6034.219131614654,4
30005,2018,4340.986775178027,2
30007,2018,3553.2730521801286,1
30009,2018,4092.368380855397,1
30011,2018,3824.3074204946997,1
30013,2018,4208.486549239392,2
30015,2018,4362.162379421222,2
30017,2018,4490.586155484558,2
30019,2018,6536.1705521472395,4
30021,2018,4268.194302848576,2
30023,2018,4883.961880849121,3
30025,2018,5860.518172377985,4
30027,2018,3477.47266465777,1
30029,2018,3827.771723373412,1
30031,2018,3552.7282266073667,1
30033,2018,3306.4274028629857,1
30035,2018,4467.3166515013645,2
30037,2018,2809.1543778801843,1
30039,2018,3947.1138576779026,1
30041,2018,3746.1522123893806,1
30043,2018,3431.049205312432,1
30045,2018,3327.4390547263683,1
30047,2018,4292.270704573548,2
30049,2018,3640.5550111982084,1
30051,2018,5478.72491349481,4
30053,2018,3693.8438669661,1
30055,2018,4648.609230769231,3
30057,2018,4134.314956736712,1
30059,2018,5137.283567134268,4
30061,2018,3950.1319417093346,1
30063,2018,3623.4642528946883,1
30065,2018,4439.52536900369,2
30067,2018,3927.086569579288,1
30069,2018,2915.81935483871,1
30071,2018,4201.425068119891,2
30073,2018,4863.217771639042,3
30075,2018,3258.741666666667,1
30077,2018,4295.667310664606,2
30079,2018,3699.3974151857833,1
30081,2018,3497.988605213652,1
30083,2018,4641.734939759036,3
30085,2018,6292.646668876368,4
30087,2018,4260.989924433249,2
30089,2018,3544.985491753207,1
30091,2018,4728.772700296736,3
30093,2018,3987.6889249555607,1
30095,2018,4039.6717409355106,1
30097,2018,4468.5,2
30099,2018,3961.5572441742656,1
30101,2018,4195.329830234438,2
30103,2018,3841.273846153846,1
30105,2018,4510.839717147908,2
30107,2018,5801.790772532189,4
30109,2018,3830.170833333333,1
30111,2018,4225.898307002852,2
31001,2018,4336.280979317659,2
31003,2018,5432.048640367675,4
31005,2018,3752.4139784946237,1
31007,2018,2719.135135135135,1
31009,2018,4265.305825242718,2
31011,2018,5855.212618841832,4
31013,2018,5269.651862464183,4
31015,2018,6047.761157024794,4
31017,2018,5845.125887669464,4
31019,2018,4314.565402365157,2
31021,2018,5745.978160158836,4
31023,2018,5267.764966740577,4
31025,2018,3932.3731897987955,1
31027,2018,4741.374823695345,3
31029,2018,7040.443708609271,4
31031,2018,4717.359068627451,3
31033,2018,5335.219058050383,4
31035,2018,4314.551061007957,2
31037,2018,5040.439650464227,4
31039,2018,4855.552897088498,3
31041,2018,5395.62951496388,4
31043,2018,4203.529757531227,2
31045,2018,4280.658890067161,2
31047,2018,5437.829984097152,4
31049,2018,5696.847222222223,4
31051,2018,4139.196981945567,1
31053,2018,4507.278580024067,2
31055,2018,4145.051303481579,1
31057,2018,7631.902745995423,4
31059,2018,5139.190107050572,4
31061,2018,4559.747232472325,3
31063,2018,4486.941062801932,2
31065,2018,5934.877289377289,4
31067,2018,4446.845456531237,2
31069,2018,7099.606714628298,4
31071,2018,5311.387214611872,4
31073,2018,4937.984357541899,4
31075,2018,6662.063711911357,4
31077,2018,4498.608657243816,2
31079,2018,4200.772699228792,2
31081,2018,4219.47575322812,2
31083,2018,6388.6206434316355,4
31085,2018,4783.604166666667,3
31087,2018,6160.21963499056,4
31089,2018,5993.836913634371,4
31091,2018,3976.782710280374,1
31093,2018,4405.516737206618,2
31095,2018,4725.843274853801,3
31097,2018,5848.1612903225805,4
31099,2018,5142.410480349345,4
31101,2018,4601.239189928845,3
31103,2018,4072.83284457478,1
31105,2018,5721.9351081530785,4
31107,2018,4433.581198770492,2
31109,2018,4192.470082268917,2
31111,2018,5317.301803278689,4
31113,2018,5326.696793002915,4
31115,2018,5517.514619883041,4
31117,2018,5682.65925925926,4
31119,2018,4775.04320840296,3
31121,2018,4575.825666666667,3
31123,2018,5796.389087200408,4
31125,2018,5991.572575250836,4
31127,2018,5237.268997502676,4
31129,2018,6157.444343891403,4
31131,2018,5384.052874838232,4
31133,2018,5652.671126760563,4
31135,2018,5170.5004048583,4
31137,2018,5500.887741935484,4
31139,2018,5639.996481626271,4
31141,2018,4406.165577138588,2
31143,2018,4983.879252515572,4
31145,2018,5312.887152777777,4
31147,2018,5906.246127783156,4
31149,2018,6177.5760430686405,4
31151,2018,5086.8542880932555,4
31153,2018,4244.382542013379,2
31155,2018,4837.841305319625,3
31157,2018,4343.858757062147,2
31159,2018,5004.641942837104,4
31161,2018,5093.117845117845,4
31163,2018,4399.875771604939,2
31165,2018,3559.2432432432433,1
31167,2018,3905.6531573986804,1
31169,2018,5696.3776856388995,4
31171,2018,3851.8920634920637,1
31173,2018,5775.261918115536,4
31175,2018,5383.479842674533,4
31177,2018,4266.548133937914,2
31179,2018,4571.438961038961,3
31181,2018,5608.956349206349,4
31183,2018,4075.2517006802723,1
31185,2018,4445.935726795096,2
32001,2018,3644.7719165495623,1
32003,2018,5404.056773230224,4
32005,2018,4294.760691642651,2
32007,2018,4264.119938953228,2
32009,2018,4189.4325,2
32011,2018,4450.4517766497465,2
32013,2018,4407.510187932739,2
32015,2018,5116.064063453326,4
32017,2018,5786.737792830934,4
32019,2018,3876.2257237263893,1
32021,2018,4364.885470894463,2
32023,2018,4589.628964581019,3
32510,2018,4451.514798241482,2
32027,2018,4993.233423545332,4
32029,2018,3494.7540192926044,1
32031,2018,3905.1170982348153,1
32033,2018,5099.197734925007,4
33001,2018,4545.818823369749,3
33003,2018,4377.624925390952,2
33005,2018,4565.949702726713,3
33007,2018,4755.193723385639,3
33009,2018,4570.370318808297,3
33011,2018,4541.752464038359,3
33013,2018,4462.983664293743,2
33015,2018,4534.752053079373,3
33017,2018,4235.836374322805,2
33019,2018,4656.718440185063,3
34001,2018,5723.802699798047,4
34003,2018,5580.405360870494,4
34005,2018,5170.506794028864,4
34007,2018,5556.506376594149,4
34009,2018,5517.820079883805,4
34011,2018,5739.942365591398,4
34013,2018,6238.730510709576,4
34015,2018,5384.53735146626,4
34017,2018,6206.354819315233,4
34019,2018,5042.572967623357,4
34021,2018,5348.282075930883,4
34023,2018,5620.836853621382,4
34025,2018,5814.309395460382,4
34027,2018,5368.681528327142,4
34029,2018,6138.812791979302,4
34031,2018,5756.282960017339,4
34033,2018,5465.820548197204,4
34035,2018,4973.585953702869,4
34037,2018,4995.270863021019,4
34039,2018,5064.476949767933,4
34041,2018,5439.046181072502,4
35001,2018,3416.0252386316993,1
35003,2018,2993.4962581852196,1
35005,2018,4487.296707304366,2
35006,2018,3838.545157186989,1
35007,2018,3431.771890266817,1
35009,2018,4475.518054122688,2
35011,2018,4272.939457202505,2
35013,2018,4129.65083377589,1
35015,2018,4321.679829545455,2
35017,2018,3590.320517332395,1
35019,2018,3281.3411244472522,1
35021,2018,4354.165266106443,2
35023,2018,4423.029607698001,2
35025,2018,4641.506206053195,3
35027,2018,3605.815934065934,1
35028,2018,3393.2675485008817,1
35029,2018,3652.7383662296497,1
35031,2018,4003.7105150082866,1
35033,2018,2589.1218525179856,1
35035,2018,4414.290231507623,2
35037,2018,4502.904106446433,2
35039,2018,3303.903698211141,1
35041,2018,4598.777908805031,3
35043,2018,3357.9357930258716,1
35045,2018,4270.002894978216,2
35047,2018,3305.4772283669486,1
35049,2018,3117.208075797007,1
35051,2018,4403.867594508181,2
35053,2018,3231.947041879016,1
35055,2018,3032.0343287091464,1
35057,2018,3233.169762137504,1
35059,2018,4517.323409223584,3
35061,2018,3289.172729285029,1
36001,2018,4215.401806034799,2
36003,2018,4172.628104455807,2
36005,2018,7255.8789880049635,4
36007,2018,4096.5279021310835,1
36009,2018,4541.588200302834,3
36011,2018,4653.753195263185,3
36013,2018,4191.153779322329,2
36015,2018,4646.7361873399195,3
36017,2018,4156.133645071272,1
36019,2018,4813.447573803868,3
36021,2018,4592.772033942423,3
36023,2018,4440.718755342794,2
36025,2018,4826.423279279279,3
36027,2018,5220.9835075171,4
36029,2018,4408.25450338787,2
36031,2018,4289.573605181805,2
36033,2018,4314.644014869888,2
36035,2018,4588.740427876228,3
36037,2018,4173.843122394846,2
36039,2018,4405.961532648126,2
36041,2018,3623.596103212217,1
36043,2018,4609.088575878648,3
36045,2018,4822.027033398821,3
36047,2018,7036.708776342154,4
36049,2018,4387.439621830683,2
36051,2018,4174.775475325785,2
36053,2018,4083.299572131043,1
36055,2018,4289.576701307787,2
36057,2018,4363.283343365723,2
36059,2018,6223.394101040607,4
36061,2018,5998.1061945758265,4
36063,2018,4443.024374892716,2
36065,2018,4328.620647724742,2
36067,2018,4468.780507428471,2
36069,2018,4030.5378449620744,1
36071,2018,5538.611195655744,4
36073,2018,4353.486755998753,2
36075,2018,4715.372408942849,3
36077,2018,4648.235003246591,3
36079,2018,5413.384380370441,4
36081,2018,6288.285156213638,4
36083,2018,4089.417445777064,1
36085,2018,5960.081618969572,4
36087,2018,6021.083598588595,4
36089,2018,4524.192419202246,3
36091,2018,3938.9845632614597,1
36093,2018,4015.5447208137057,1
36095,2018,4175.616194062915,2
36097,2018,4341.753458277554,2
36099,2018,4184.468124910059,2
36101,2018,4056.5045902626234,1
36103,2018,6495.0160190261395,4
36105,2018,5243.982013157394,4
36107,2018,4021.1307266319855,1
36109,2018,3809.8313902585132,1
36111,2018,4778.388396663578,3
36113,2018,3943.2752485890887,1
36115,2018,4042.907397297666,1
36117,2018,4282.56806583312,2
36119,2018,6005.306135496814,4
36121,2018,4443.775627456909,2
36123,2018,3828.025238473768,1
37001,2018,4343.486318090727,2
37003,2018,4380.200500980179,2
37005,2018,4355.473128373621,2
37007,2018,4609.787895927602,3
37009,2018,4025.026422190879,1
37011,2018,4435.1400286944045,2
37013,2018,4234.849534487937,2
37015,2018,4820.418342621759,3
37017,2018,4842.423958222317,3
37019,2018,3898.95109882762,1
37021,2018,3686.2537668315385,1
37023,2018,4238.437818413391,2
37025,2018,4621.792825710095,3
37027,2018,4261.098992294013,2
37029,2018,4664.117500887469,3
37031,2018,4571.32937507046,3
37033,2018,4689.218815185649,3
37035,2018,4192.863989271598,2
37037,2018,4020.374469148139,1
37039,2018,3896.586842914233,1
37041,2018,4015.8893261964736,1
37043,2018,3416.1605470213563,1
37045,2018,4493.842682926829,2
37047,2018,4876.620890532395,3
37049,2018,4544.39935611689,3
37051,2018,4466.43049197507,2
37053,2018,4434.435938265556,2
37055,2018,3508.158663296827,1
37057,2018,4507.41329576991,2
37059,2018,4344.370306972498,2
37061,2018,4899.7117173837005,3
37063,2018,4429.533389026146,2
37065,2018,4610.270315469404,3
37067,2018,4384.769111932216,2
37069,2018,4415.528369291118,2
37071,2018,4790.713362760835,3
37073,2018,4653.270190501744,3
37075,2018,4453.550942079553,2
37077,2018,4215.379833926453,2
37079,2018,4572.608938547486,3
37081,2018,4023.3986795137416,1
37083,2018,4581.380904085772,3
37085,2018,5202.655515197859,4
37087,2018,4195.143349731047,2
37089,2018,4004.5585684267003,1
37091,2018,4544.333727111636,3
37093,2018,4000.376202974628,1
37095,2018,3417.449468085106,1
37097,2018,4441.086856641371,2
37099,2018,4248.9724847137295,2
37101,2018,4696.403149956869,3
37103,2018,4718.274318579645,3
37105,2018,4160.766197741233,1
37107,2018,4669.694816742572,3
37109,2018,4525.611695108078,3
37111,2018,4208.152714932126,2
37113,2018,3695.9435379142906,1
37115,2018,3774.1717243335224,1
37117,2018,4922.679273827534,3
37119,2018,4155.932126284036,1
37121,2018,3789.729403281053,1
37123,2018,4593.631434076521,3
37125,2018,4304.378461975029,2
37127,2018,4404.669311795769,2
37129,2018,4473.086028311658,2
37131,2018,4744.738230468257,3
37133,2018,4527.745245271253,3
37135,2018,3695.25926692183,1
37137,2018,4291.827635075288,2
37139,2018,4502.80963589555,2
37141,2018,4644.487545647789,3
37143,2018,4411.609993293092,2
37145,2018,4518.3358985475825,3
37147,2018,4756.353587649731,3
37149,2018,3921.3127256811467,1
37151,2018,4186.100248241622,2
37153,2018,4420.150933576215,2
37155,2018,4952.819605057536,4
37157,2018,4109.645535473429,1
37159,2018,4610.136603875864,3
37161,2018,4143.174401924945,1
37163,2018,4852.907393727755,3
37165,2018,4190.815062053403,2
37167,2018,4651.514394557823,3
37169,2018,4450.053278688524,2
37171,2018,4602.7093635777255,3
37173,2018,5069.576487005059,4
37175,2018,3716.7609544468546,1
37177,2018,4779.1647819063,3
37179,2018,4317.08666745815,2
37181,2018,4367.09831775701,2
37183,2018,3997.6570592915496,1
37185,2018,4174.473018699911,2
37187,2018,4460.340471092077,2
37189,2018,4322.6676179604265,2
37191,2018,4720.084346043934,3
37193,2018,4236.201191728006,2
37195,2018,4471.108035034273,2
37197,2018,4754.367975148263,3
37199,2018,3665.7684180468304,1
38001,2018,5346.328947368421,4
38003,2018,4255.262409578449,2
38005,2018,3620.6361488481984,1
38007,2018,4012.6666666666665,1
38009,2018,4170.370930614929,2
38011,2018,6225.1488549618325,4
38013,2018,4887.915846994536,3
38015,2018,4072.0880383566173,1
38017,2018,4174.406564137813,2
38019,2018,4230.096385542169,2
38021,2018,4336.857614073667,2
38023,2018,6022.236842105263,4
38025,2018,4599.551724137931,3
38027,2018,3353.6732570239333,1
38029,2018,4616.6912442396315,3
38031,2018,4164.214225941422,1
38033,2018,3609.3743455497383,1
38035,2018,4397.860583941606,2
38037,2018,5655.235966735967,4
38039,2018,4555.040856031128,3
38041,2018,4002.3034111310594,1
38043,2018,4536.403819918145,3
38045,2018,4443.835634451019,2
38047,2018,4726.74253200569,3
38049,2018,4401.723314606742,2
38051,2018,5292.466076696165,4
38053,2018,4218.538873994638,2
38055,2018,4915.450621985276,3
38057,2018,4969.497132616488,4
38059,2018,3983.842879256966,1
38061,2018,4404.461569255404,2
38063,2018,4753.1413551401865,3
38065,2018,4369.047169811321,2
38067,2018,5088.91330502477,4
38069,2018,4384.780832678712,2
38071,2018,4439.005659190945,2
38073,2018,4789.148059415429,3
38075,2018,3588.3277027027025,1
38077,2018,4109.840388446215,1
38079,2018,5297.300671892497,4
38081,2018,3907.2241086587437,1
38083,2018,4320.278169014085,2
38085,2018,4607.411497730711,3
38087,2018,4997.9327731092435,4
38089,2018,3826.506303915063,1
38091,2018,4548.675516224189,3
38093,2018,3551.2159146841673,1
38095,2018,5679.965944272446,4
38097,2018,4117.105147058824,1
38099,2018,5650.217993951613,4
38101,2018,4396.741232764591,2
38103,2018,4781.3857819905215,3
38105,2018,3848.516975308642,1
39001,2018,5220.581483078249,4
39003,2018,5224.044859677185,4
39005,2018,4291.440954274354,2
39007,2018,4865.480783866058,3
39009,2018,4718.444974825084,3
39011,2018,5132.443174722118,4
39013,2018,4668.008005870972,3
39015,2018,5013.788871391076,4
39017,2018,4760.957252620683,3
39019,2018,4217.84214945424,2
39021,2018,4787.558798177564,3
39023,2018,4778.100978194416,3
39025,2018,4611.3372009880395,3
39027,2018,4621.208102963836,3
39029,2018,4830.041786577644,3
39031,2018,5557.57183125972,4
39033,2018,4661.832426180433,3
39035,2018,4802.973307196389,3
39037,2018,4387.491646124349,2
39039,2018,4610.515329693406,3
39041,2018,3880.2705092206115,1
39043,2018,4913.905950910775,3
39045,2018,4959.647459322229,4
39047,2018,4615.058351893096,3
39049,2018,4809.029462107921,3
39051,2018,4196.180090497737,2
39053,2018,5204.406603038567,4
39055,2018,4044.2578344191356,1
39057,2018,4498.169114804793,2
39059,2018,4937.312020460358,4
39061,2018,4834.03284708824,3
39063,2018,4005.503028088128,1
39065,2018,5002.1288446482495,4
39067,2018,4772.557207765386,3
39069,2018,4673.935257589696,3
39071,2018,4724.375011733784,3
39073,2018,4922.866104636747,3
39075,2018,4055.1586509678705,1
39077,2018,4432.036585365854,2
39079,2018,5200.044057484527,4
39081,2018,5334.823935942043,4
39083,2018,5103.573628184007,4
39085,2018,4608.401482243223,3
39087,2018,4880.923159616733,3
39089,2018,4520.225279990417,3
39091,2018,5031.817363388932,4
39093,2018,4920.935985138881,3
39095,2018,4842.843104129974,3
39097,2018,5006.946369454867,4
39099,2018,4506.479343100286,2
39101,2018,5063.634277059304,4
39103,2018,4388.969883032812,2
39105,2018,4997.701226993865,4
39107,2018,4007.5388217265454,1
39109,2018,4431.820074093877,2
39111,2018,4565.774632553076,3
39113,2018,4758.746384117933,3
39115,2018,4736.361225047854,3
39117,2018,4745.809298057807,3
39119,2018,5045.799715088746,4
39121,2018,4506.329075882795,2
39123,2018,4480.445682834537,2
39125,2018,4986.054563492064,4
39127,2018,4786.253713488187,3
39129,2018,4726.498294542536,3
39131,2018,5003.245182451825,4
39133,2018,4442.967507327134,2
39135,2018,4498.036095323561,2
39137,2018,4730.507695486003,3
39139,2018,4431.015507714762,2
39141,2018,5182.861504301971,4
39143,2018,4167.4029803018675,2
39145,2018,6351.707506713158,4
39147,2018,4449.533806538521,2
39149,2018,4291.619449081803,2
39151,2018,4243.377058163505,2
39153,2018,4462.412160084813,2
39155,2018,4642.744680390501,3
39157,2018,4318.197356909333,2
39159,2018,4507.791576086956,2
39161,2018,4132.255563636364,1
39163,2018,5209.984282907662,4
39165,2018,4591.016673625609,3
39167,2018,5196.020467836257,4
39169,2018,4028.549079517327,1
39171,2018,4347.946353065539,2
39173,2018,4242.425509110397,2
39175,2018,4049.765587044534,1
40001,2018,5219.134813427845,4
40003,2018,5812.305944900918,4
40005,2018,5860.272969647252,4
40007,2018,5162.650677200903,4
40009,2018,4852.5323998697495,3
40011,2018,5436.5230316014995,4
40013,2018,6032.518329633407,4
40015,2018,6975.8281745291815,4
40017,2018,4649.069640122511,3
40019,2018,5258.899189542483,4
40021,2018,5173.272045437996,4
40023,2018,6014.248552270649,4
40025,2018,4703.150527325024,3
40027,2018,4740.71159216494,3
40029,2018,6219.570316078791,4
40031,2018,4602.586784949526,3
40033,2018,5471.9593312245825,4
40035,2018,4438.268319199826,2
40037,2018,4855.3198455430465,3
40039,2018,4836.215645594338,3
40041,2018,4695.872601839685,3
40043,2018,4400.390350877193,2
40045,2018,4566.574275362319,3
40047,2018,4698.752853169655,3
40049,2018,5090.760811679368,4
40051,2018,5349.282114277692,4
40053,2018,5082.159042553191,4
40055,2018,5868.999097065463,4
40057,2018,5603.084337349397,4
40059,2018,5387.268845897265,4
40061,2018,4951.497911921033,4
40063,2018,4935.405925605536,4
40065,2018,4743.497099156119,3
40067,2018,6760.467387387387,4
40069,2018,6056.322549724419,4
40071,2018,4736.355665467626,3
40073,2018,5286.488853503185,4
40075,2018,4803.257142857143,3
40077,2018,5125.875427789186,4
40079,2018,5297.771791735361,4
40081,2018,4655.455858585859,3
40083,2018,4653.501236021189,3
40085,2018,5598.728555917481,4
40087,2018,4682.000323991576,3
40089,2018,5065.903742056955,4
40091,2018,5015.01202151218,4
40093,2018,4604.391274238227,3
40095,2018,5705.885622416169,4
40097,2018,4982.894181445112,4
40099,2018,5128.2800371402045,4
40101,2018,5176.421617564271,4
40103,2018,4605.7371172516805,3
40105,2018,4751.420396744659,3
40107,2018,5371.349670977989,4
40109,2018,4837.552837398289,3
40111,2018,4889.421122472875,3
40113,2018,5399.794571753616,4
40115,2018,4609.548328652958,3
40117,2018,5363.889563505087,4
40119,2018,4851.006051236749,3
40121,2018,4850.55031465388,3
40123,2018,5677.9495846876125,4
40125,2018,4847.322681616445,3
40127,2018,5102.2732305259,4
40129,2018,5344.37147102526,4
40131,2018,4661.079341387192,3
40133,2018,5106.286598647254,4
40135,2018,4869.660031358648,3
40137,2018,4614.5517601523625,3
40139,2018,4395.05667562724,2
40141,2018,4592.481144781144,3
40143,2018,4603.455526190097,3
40145,2018,4782.693934027009,3
40147,2018,4379.284683658456,2
40149,2018,5292.85157824043,4
40151,2018,4820.433575677462,3
40153,2018,4820.777706289207,3
41001,2018,3369.363750284803,1
41003,2018,3209.9753947851636,1
41005,2018,3666.041161318021,1
41007,2018,4113.29565877737,1
41009,2018,3842.3274159768625,1
41011,2018,4366.907169856246,2
41013,2018,4029.4760340757466,1
41015,2018,4150.8858567481975,1
41017,2018,3644.2663911940194,1
41019,2018,3654.4946928272757,1
41021,2018,4008.1369334619094,1
41023,2018,4192.673675357443,2
41025,2018,4416.0499270073,2
41027,2018,3751.6609832809136,1
41029,2018,3942.215255387748,1
41031,2018,4087.237040896067,1
41033,2018,3874.246598185699,1
41035,2018,4029.215582743078,1
41037,2018,4600.55,3
41039,2018,3729.705543070188,1
41041,2018,3988.392472191084,1
41043,2018,3870.6706642728905,1
41045,2018,3998.7386330302143,1
41047,2018,3871.7730054807957,1
41049,2018,4660.538992805756,3
41051,2018,3856.0112093945404,1
41053,2018,3654.6320148507784,1
41055,2018,4214.799031476998,2
41057,2018,4083.1093572861255,1
41059,2018,4418.578745673315,2
41061,2018,4474.52590411337,2
41063,2018,4667.468544600939,3
41065,2018,4216.311654795086,2
41067,2018,3710.50546486129,1
41069,2018,4210.600311041991,2
41071,2018,3836.7162466370173,1
42001,2018,4438.554784780271,2
42003,2018,4458.109907360982,2
42005,2018,4239.718463736448,2
42007,2018,4314.925960784314,2
42009,2018,4625.20243860256,3
42011,2018,4867.642368884511,3
42013,2018,5020.809879359812,4
42015,2018,4207.20901799687,2
42017,2018,4952.972830407733,4
42019,2018,3984.8988018244945,1
42021,2018,4714.210083682008,3
42023,2018,5003.017689331122,4
42025,2018,4856.016601647161,3
42027,2018,4664.717818085994,3
42029,2018,4650.657850124133,3
42031,2018,4679.325831605962,3
42033,2018,5069.736944805798,4
42035,2018,4517.837953599048,3
42037,2018,4527.1778384217405,3
42039,2018,4429.863899765074,2
42041,2018,4557.456345998383,3
42043,2018,4831.961572509254,3
42045,2018,5290.174591482819,4
42047,2018,4556.704147300679,3
42049,2018,4213.684283192646,2
42051,2018,4355.04679282945,2
42053,2018,4857.298091799897,3
42055,2018,4740.63928078034,3
42057,2018,4939.360038797284,4
42059,2018,4440.962695547533,2
42061,2018,4742.459221770514,3
42063,2018,4247.6095273818455,2
42065,2018,5105.5579971483685,4
42067,2018,4606.348345408263,3
42069,2018,4692.491970037915,3
42071,2018,4108.014765974766,1
42073,2018,4447.452514292381,2
42075,2018,4155.234857059933,1
42077,2018,4925.761464312791,4
42079,2018,4914.191926437331,3
42081,2018,4141.612019201556,1
42083,2018,4379.089159950628,2
42085,2018,4786.745068570355,3
42087,2018,4773.758127328141,3
42089,2018,4910.457708483793,3
42091,2018,4960.057964876746,4
42093,2018,4885.503701812611,3
42095,2018,5273.554291193494,4
42097,2018,4953.165521296534,4
42099,2018,4639.684237099868,3
42101,2018,5902.879371010431,4
42103,2018,4900.773518284994,3
42105,2018,4290.201632511289,2
42107,2018,4965.750269524344,4
42109,2018,4301.862396601833,2
42111,2018,4264.570549658576,2
42113,2018,4190.922950819672,2
42115,2018,3970.9657243298666,1
42117,2018,3839.900596421471,1
42119,2018,4135.605910353034,1
42121,2018,4708.145019431377,3
42123,2018,4161.876049160672,1
42125,2018,4146.7563921478195,1
42127,2018,4583.382385530972,3
42129,2018,4427.561774576982,2
42131,2018,4492.272125813449,2
42133,2018,4743.268371537862,3
72001,2018,1937.6864406779662,1
72003,2018,2292.638403990025,1
72005,2018,2797.2699353448274,1
72007,2018,1867.569306930693,1
72009,2018,1930.083135391924,1
72011,2018,1962.3156565656566,1
72013,2018,2337.5751824817517,1
72015,2018,3002.927272727273,1
72017,2018,2070.1633554083887,1
72019,2018,1497.1600877192982,1
72021,2018,2338.1375035622686,1
72023,2018,2437.384105960265,1
72025,2018,2188.3137420718817,1
72027,2018,1307.079207920792,1
72031,2018,2274.3187234042553,1
72033,2018,1767.8457894736841,1
72035,2018,2007.956316410862,1
72037,2018,2544.038636363636,1
72039,2018,2383.3846153846152,1
72041,2018,2079.554367201426,1
72043,2018,2152.2935034802786,1
72045,2018,1104.5822784810127,1
72047,2018,2198.187707641196,1
72049,2018,1264.1666666666667,1
72051,2018,1953.9410609037327,1
72053,2018,2365.153429602888,1
72055,2018,3230.599290780142,1
72057,2018,2198.3306451612902,1
72059,2018,1728.8956043956043,1
72061,2018,2467.4786476868326,1
72063,2018,1980.4239401496259,1
72065,2018,2183.023195876289,1
72067,2018,2503.146226415094,1
72069,2018,1897.6733409610983,1
72071,2018,1948.010465116279,1
72073,2018,1892.664705882353,1
72075,2018,1925.996996996997,1
72077,2018,2053.5227272727275,1
72079,2018,2002.1155115511551,1
72081,2018,2128.3425324675327,1
72083,2018,1593.1489361702127,1
72085,2018,2816.023758099352,1
72087,2018,1672.6879271070616,1
72089,2018,1290.4727272727273,1
72091,2018,2072.8872870249015,1
72093,2018,1271.3529411764705,1
72095,2018,1885.642857142857,1
72097,2018,2300.5680119581466,1
72099,2018,2193.574074074074,1
72101,2018,2126.7256097560976,1
72103,2018,1514.6888888888889,1
72105,2018,1701.9918032786886,1
72107,2018,2067.5731707317073,1
72109,2018,1488.3974358974358,1
72111,2018,2094.560913705584,1
72113,2018,2505.2569501226494,1
72115,2018,1771.3300395256917,1
72117,2018,3234.900826446281,1
72119,2018,2694.3831967213114,1
72121,2018,1986.6402027027027,1
72123,2018,1968.1856540084389,1
72125,2018,2859.7771739130435,1
72127,2018,2556.5972975159802,1
72129,2018,1946.564263322884,1
72131,2018,1910.8698979591836,1
72133,2018,2701.1129032258063,1
72135,2018,1893.6918181818182,1
72137,2018,2232.901287553648,1
72139,2018,2812.7284810126584,1
72141,2018,1828.6707317073171,1
72143,2018,2599.9019292604503,1
72145,2018,2506.106397774687,1
72147,2018,2823.928961748634,1
72149,2018,3009.193181818182,1
72151,2018,1569.3316993464052,1
72153,2018,2117.1175847457625,1
44001,2018,4354.995121035841,2
44003,2018,4813.177941845223,3
44005,2018,4741.8749065537,3
44007,2018,4598.418604219973,3
44009,2018,4307.185071090047,2
45001,2018,4225.344046865104,2
45003,2018,4091.514698152876,1
45005,2018,4332.056568489948,2
45007,2018,4536.953549826766,3
45009,2018,4424.862640299305,2
45011,2018,4210.444299461752,2
45013,2018,4117.235556695741,1
45015,2018,4184.2015495841,2
45017,2018,4446.492374727669,2
45019,2018,4233.687383622295,2
45021,2018,4301.009685411817,2
45023,2018,4115.977315878885,1
45025,2018,3954.159344864534,1
45027,2018,3924.847274739463,1
45029,2018,4508.56934752268,2
45031,2018,4139.637202479535,1
45033,2018,4211.927171860246,2
45035,2018,4607.704386542501,3
45037,2018,4245.00845665962,2
45039,2018,3943.880303030303,1
45041,2018,4228.397692633362,2
45043,2018,4288.769437922939,2
45045,2018,3920.399984316049,1
45047,2018,4698.351965065503,3
45049,2018,4352.977433004231,2
45051,2018,4086.8608636251324,1
45053,2018,4013.8765989465765,1
45055,2018,4243.974868578806,2
45057,2018,4267.44831406551,2
45059,2018,4311.2405595210685,2
45061,2018,3823.17275528169,1
45063,2018,4074.3765807598024,1
45065,2018,3950.423415682062,1
45067,2018,4442.909122441901,2
45069,2018,3817.6649734472408,1
45071,2018,4007.5443290734825,1
45073,2018,4228.633085091711,2
45075,2018,4462.255682281059,2
45077,2018,4357.648000721002,2
45079,2018,3998.7524396960016,1
45081,2018,4527.248204111965,3
45083,2018,3955.395446168023,1
45085,2018,4163.434665510943,1
45087,2018,4766.19131097561,3
45089,2018,4290.659717475507,2
45091,2018,4046.4756110620297,1
46003,2018,4881.786826347306,3
46005,2018,4162.660189337319,1
46007,2018,6438.123384253819,4
46009,2018,4849.683908045977,3
46011,2018,3677.142369865045,1
46013,2018,4417.787501980041,2
46015,2018,4560.963414634146,3
46017,2018,5568.536977491962,4
46019,2018,3345.6352497643734,1
46021,2018,4435.038209606987,2
46023,2018,5015.250506414584,4
46025,2018,4053.823751178134,1
46027,2018,4353.559959690964,2
46029,2018,4786.280577798712,3
46031,2018,4838.861084681256,3
46033,2018,4242.480887792848,2
46035,2018,4063.571181374862,1
46037,2018,4857.197218082464,3
46039,2018,3791.679706601467,1
46041,2018,5386.473561430793,4
46043,2018,4406.534628378378,2
46045,2018,4288.955326460481,2
46047,2018,3882.0120627261763,1
46049,2018,7550.738872403561,4
46051,2018,4392.555203380877,2
46053,2018,4799.62027935851,3
46055,2018,4853.840546697039,3
46057,2018,3691.6469740634006,1
46059,2018,4201.39850249584,2
46061,2018,3762.0102354145342,1
46063,2018,2670.7083333333335,1
46065,2018,4354.983571428572,2
46067,2018,4626.328148148148,3
46069,2018,4212.169463087248,2
46071,2018,4516.97465437788,3
46073,2018,5028.252688172043,4
46075,2018,3898.08,1
46077,2018,4499.768249780123,2
46079,2018,5711.12237394958,4
46081,2018,3617.552593832178,1
46083,2018,4390.068140442133,2
46085,2018,3838.0468292682926,1
46087,2018,4369.903327055869,2
46089,2018,3679.2945454545456,1
46091,2018,4180.2502994011975,2
46093,2018,3962.920481590368,1
46095,2018,4222.359861591695,2
46097,2018,4410.326576576576,2
46099,2018,4058.70163828295,1
46101,2018,5299.598311218336,4
46103,2018,4229.797947805147,2
46105,2018,3777.0962406015037,1
46107,2018,6252.022924901185,4
46109,2018,4841.089664613279,3
46111,2018,4345.085972850678,2
46115,2018,5798.37162954279,4
46117,2018,3743.5344664778095,1
46119,2018,4589.216517857143,3
46121,2018,6397.609905020353,4
46123,2018,4267.936813186813,2
46125,2018,4374.226811866316,2
46127,2018,4243.9128248114,2
46129,2018,4487.836848902281,2
46135,2018,3887.021229666391,1
46137,2018,4122.545454545455,1
47001,2018,4075.917403075037,1
47003,2018,4461.1700925925925,2
47005,2018,4403.981126377775,2
47007,2018,4948.900383141762,4
47009,2018,4136.824946934698,1
47011,2018,4512.039948346247,3
47013,2018,4286.19037501328,2
47015,2018,4570.078830592534,3
47017,2018,4739.323972180649,3
47019,2018,4031.9901667791382,1
47021,2018,4442.80294403555,2
47023,2018,4158.9927042801555,1
47025,2018,4026.4329402617595,1
47027,2018,5304.293350717079,4
47029,2018,3821.421349466776,1
47031,2018,4909.208512780357,3
47033,2018,4714.986869101354,3
47035,2018,4163.246672258488,1
47037,2018,4369.862940008184,2
47039,2018,4439.490210656753,2
47041,2018,4416.8456549935145,2
47043,2018,4975.150754635619,4
47045,2018,5047.57056207036,4
47047,2018,4231.021567537521,2
47049,2018,4853.978127398312,3
47051,2018,4525.709569064395,3
47053,2018,4680.125494531068,3
47055,2018,4996.154122599856,4
47057,2018,3805.757559297483,1
47059,2018,3853.9475725061084,1
47061,2018,4380.0042154566745,2
47063,2018,3994.0059216415343,1
47065,2018,4547.377070322295,3
47067,2018,5689.804843304843,4
47069,2018,4358.91793699187,2
47071,2018,4720.656498951782,3
47073,2018,3678.3262436593395,1
47075,2018,4445.352576863525,2
47077,2018,4549.357375903053,3
47079,2018,4326.863444745559,2
47081,2018,4534.929127338964,3
47083,2018,4952.862223756906,4
47085,2018,5019.75512195122,4
47087,2018,4827.640064102564,3
47089,2018,3757.73001537279,1
47091,2018,4133.94161849711,1
47093,2018,3937.9551610939607,1
47095,2018,6239.0009324009325,4
47097,2018,4991.700879765396,4
47099,2018,4660.58343042865,3
47101,2018,4250.920572124163,2
47103,2018,4589.500152237897,3
47105,2018,3932.3114945580037,1
47107,2018,4298.455284552845,2
47109,2018,4546.880705040872,3
47111,2018,5133.26802421574,4
47113,2018,4320.4259936863255,2
47115,2018,4856.844378257632,3
47117,2018,4713.012004801921,3
47119,2018,4210.5127047087935,2
47121,2018,3788.274329300368,1
47123,2018,4111.579646721833,1
47125,2018,4144.187966431455,1
47127,2018,4275.130881094953,2
47129,2018,4166.169235328986,2
47131,2018,4817.156459503533,3
47133,2018,4862.415824235072,3
47135,2018,4435.707686335404,2
47137,2018,5067.275548421616,4
47139,2018,4371.2334477685135,2
47141,2018,4406.950471868021,2
47143,2018,4088.7726923076925,1
47145,2018,4102.816404164442,1
47147,2018,4524.027025052955,3
47149,2018,4062.545815046673,1
47151,2018,4387.541472317988,2
47153,2018,4329.107574636072,2
47155,2018,3644.4980780479655,1
47157,2018,4424.944495420143,2
47159,2018,4713.122606924643,3
47161,2018,4931.878130217028,4
47163,2018,3844.4477517796536,1
47165,2018,4561.90627534621,3
47167,2018,4787.3326661329065,3
47169,2018,5831.275881683731,4
47171,2018,4414.504262840507,2
47173,2018,3589.7162440027414,1
47175,2018,4657.423371647509,3
47177,2018,4721.346479500891,3
47179,2018,3950.9126771864135,1
47181,2018,4830.375956776227,3
47183,2018,4746.449205685619,3
47185,2018,4284.708235534238,2
47187,2018,3787.350274290537,1
47189,2018,4347.648078600963,2
48001,2018,4976.413171527925,4
48003,2018,4534.0713240673,3
48005,2018,5064.67505740284,4
48007,2018,4459.192869415808,2
48009,2018,6455.380831643002,4
48011,2018,4248.251572327044,2
48013,2018,4654.6703416360415,3
48015,2018,4780.272255535056,3
48017,2018,5092.544143104443,4
48019,2018,3729.5227527739685,1
48021,2018,4745.576627838316,3
48023,2018,6330.203278688525,4
48025,2018,6114.039570616712,4
48027,2018,4399.3211536555555,2
48029,2018,4300.677762590608,2
48031,2018,4082.438812785388,1
48033,2018,5351.716049382716,4
48035,2018,4123.442353340115,1
48037,2018,4954.902372162725,4
48039,2018,5598.666611222,4
48041,2018,4787.93611154144,3
48043,2018,3022.02447676481,1
48045,2018,5168.722222222223,4
48047,2018,6724.934949733885,4
48049,2018,4725.101698823891,3
48051,2018,5216.479580367179,4
48053,2018,4547.901386991699,3
48055,2018,5400.1534296028885,4
48057,2018,5418.67895989123,4
48059,2018,5046.008689175769,4
48061,2018,4847.559362199127,3
48063,2018,4639.143698770492,3
48065,2018,4920.567057291667,3
48067,2018,4898.597462176672,3
48069,2018,5911.963755199049,4
48071,2018,5981.295310519645,4
48073,2018,4683.390359873205,3
48075,2018,4432.384833050368,2
48077,2018,6027.810051736881,4
48079,2018,6068.870094722598,4
48081,2018,5144.427022518766,4
48083,2018,5301.241585233442,4
48085,2018,4910.834205691957,3
48087,2018,7801.720861900098,4
48089,2018,5944.538072532871,4
48091,2018,4233.288338276093,2
48093,2018,4732.588272785213,3
48095,2018,5288.665203073546,4
48097,2018,5550.632058648702,4
48099,2018,4709.051482799526,3
48101,2018,4418.772727272727,2
48103,2018,7249.715384615384,4
48105,2018,4836.866,3
48107,2018,5475.093072078376,4
48109,2018,7500.5895721925135,4
48111,2018,5692.303396928804,4
48113,2018,5302.077048584489,4
48115,2018,5137.961538461538,4
48117,2018,4019.790874524715,1
48119,2018,6026.651780967571,4
48121,2018,4755.381139767599,3
48123,2018,5370.287703435804,4
48125,2018,5175.221227621483,4
48127,2018,5134.893418467584,4
48129,2018,4515.225114854517,3
48131,2018,6969.698577470203,4
48133,2018,4959.7320520965695,4
48135,2018,4645.823306031273,3
48137,2018,5091.0858050847455,4
48139,2018,4860.119452193761,3
48141,2018,4141.564099444825,1
48143,2018,4492.575124148285,2
48145,2018,5085.121185701831,4
48147,2018,5786.1952804050825,4
48149,2018,5105.434173947578,4
48151,2018,6088.836820083682,4
48153,2018,5548.688833124216,4
48155,2018,6459.805309734514,4
48157,2018,4718.2759712076495,3
48159,2018,5902.951181102362,4
48161,2018,5071.59391634981,4
48163,2018,5039.396713615023,4
48165,2018,5850.334770114942,4
48167,2018,5905.675142407721,4
48169,2018,5374.014258555133,4
48171,2018,3851.6550602017574,1
48173,2018,3340.7548638132293,1
48175,2018,5188.39797979798,4
48177,2018,4619.501895649034,3
48179,2018,5348.172588832487,4
48181,2018,5850.0668774256565,4
48183,2018,5107.941059023029,4
48185,2018,5281.840277777777,4
48187,2018,4414.638392857143,2
48189,2018,5068.107253397928,4
48191,2018,4355.529085872577,2
48193,2018,4430.8071636817995,2
48195,2018,5867.512434554974,4
48197,2018,5484.614315496873,4
48199,2018,5354.424732541488,4
48201,2018,5487.726700145029,4
48203,2018,4759.73175439899,3
48205,2018,3765.7368421052633,1
48207,2018,5094.308026030369,4
48209,2018,4393.5206710411485,2
48211,2018,3274.8536036036035,1
48213,2018,5107.547971771804,4
48215,2018,5235.558813103882,4
48217,2018,4913.913179026925,3
48219,2018,4691.534052596089,3
48221,2018,4915.034770384255,3
48223,2018,5956.764779761371,4
48225,2018,4992.395951753778,4
48227,2018,5095.265227940237,4
48229,2018,5175.681614349775,4
48231,2018,5845.946429310702,4
48233,2018,5394.141589958159,4
48235,2018,4190.957173447538,2
48237,2018,5144.322869955157,4
48239,2018,5443.545263157895,4
48241,2018,5126.33463839043,4
48243,2018,3248.1832460732985,1
48245,2018,5457.991633386136,4
48247,2018,6684.840474020055,4
48249,2018,6560.641845305253,4
48251,2018,5248.528581057226,4
48253,2018,5346.851813471502,4
48255,2018,6121.490426346694,4
48257,2018,5050.172986369269,4
48259,2018,3945.9833894761296,1
48261,2018,8421.193548387097,4
48263,2018,5039.892376681614,4
48265,2018,4201.274477806788,2
48267,2018,5700.889825744801,4
48269,2018,6767.28125,4
48271,2018,3976.959236773634,1
48273,2018,5667.554087907082,4
48275,2018,5320.0817777777775,4
48277,2018,5349.526090299901,4
48279,2018,4425.513104251601,2
48281,2018,5135.97896393818,4
48283,2018,4294.200663349917,2
48285,2018,5852.190960582591,4
48287,2018,5650.501893043067,4
48289,2018,4934.2134590655805,4
48291,2018,6044.41381997662,4
48293,2018,5139.261393659181,4
48295,2018,4114.958598726114,1
48297,2018,4514.3456199138345,3
48299,2018,5173.16939825338,4
48301,2018,1292.7,1
48303,2018,4940.059666418296,4
48305,2018,5980.080887616321,4
48307,2018,5423.954368932039,4
48309,2018,4362.557628443055,2
48311,2018,3785.1722488038276,1
48313,2018,5751.728245856353,4
48315,2018,5448.365428853105,4
48317,2018,6073.950594693504,4
48319,2018,4157.976651480638,1
48321,2018,5950.5124598515895,4
48323,2018,4887.044923706419,3
48325,2018,4655.769535008018,3
48327,2018,4620.133689839572,3
48329,2018,4428.967833114376,2
48331,2018,5312.936160510716,4
48333,2018,4335.063492063492,2
48335,2018,5946.85200845666,4
48337,2018,5234.7194271955395,4
48339,2018,5418.867223354004,4
48341,2018,4810.608743169399,3
48343,2018,5232.54692477334,4
48345,2018,5117.285436893204,4
48347,2018,4917.205665502523,3
48349,2018,5210.479245010124,4
48351,2018,5533.825856697819,4
48353,2018,5136.969884853853,4
48355,2018,4851.556775725049,3
48357,2018,4972.5257259297,4
48359,2018,4408.891233766234,2
48361,2018,5280.620489196008,4
48363,2018,5727.000116754232,4
48365,2018,4948.6428802589,4
48367,2018,5417.047000895255,4
48369,2018,4742.150917431192,3
48371,2018,4338.957259380098,2
48373,2018,4692.02944790661,3
48375,2018,4725.938559364938,3
48377,2018,2532.3260340632605,1
48379,2018,5874.919740777667,4
48381,2018,4420.729205573912,2
48383,2018,5020.031719532554,4
48385,2018,4477.093145869947,2
48387,2018,5544.394228855721,4
48389,2018,5001.5864978902955,4
48391,2018,6336.993224932249,4
48393,2018,3550.51,1
48395,2018,5462.311641522179,4
48397,2018,4844.508169389796,3
48399,2018,5721.216666666666,4
48401,2018,5186.128525422075,4
48403,2018,5081.379202229577,4
48405,2018,4990.234886025768,4
48407,2018,5925.611192622092,4
48409,2018,5013.8205861329525,4
48411,2018,4757.332822868811,3
48413,2018,4664.217932752179,3
48415,2018,5418.128428608049,4
48417,2018,5714.889344262295,4
48419,2018,4729.095701423177,3
48421,2018,4053.7478368355996,1
48423,2018,5067.881808058311,4
48425,2018,4558.2408829174665,3
48427,2018,5946.843185775822,4
48429,2018,5667.038863976084,4
48431,2018,5118.544642857143,4
48433,2018,7507.847942754919,4
48435,2018,5500.205857740586,4
48437,2018,5180.927051671732,4
48439,2018,5119.457156479526,4
48441,2018,5269.807563864707,4
48443,2018,4399.923076923077,2
48445,2018,5101.92273098937,4
48447,2018,8983.448453608247,4
48449,2018,5220.936817586257,4
48451,2018,4604.49191500735,3
48453,2018,4680.679994288163,3
48455,2018,5335.9906103286385,4
48457,2018,4886.3788374629885,3
48459,2018,4918.12762959235,3
48461,2018,8005.313888888889,4
48463,2018,4290.891081417029,2
48465,2018,4509.971414586393,2
48467,2018,5091.981039325843,4
48469,2018,5408.442353355026,4
48471,2018,5369.466922164431,4
48473,2018,5827.801617579735,4
48475,2018,5050.259318637274,4
48477,2018,4758.26597853014,3
48479,2018,4616.894743312352,3
48481,2018,5879.242810910772,4
48483,2018,6508.761499148211,4
48485,2018,5739.258628496679,4
48487,2018,6016.009607466374,4
48489,2018,5648.620458015267,4
48491,2018,4625.207230349926,3
48493,2018,4196.843426384511,2
48495,2018,5290.360078277887,4
48497,2018,5759.664845710911,4
48499,2018,5200.833007140968,4
48501,2018,3922.281707317073,1
48503,2018,6026.223048327138,4
48505,2018,5449.134489402698,4
48507,2018,5457.718972895863,4
49001,2018,5085.04713313897,4
49003,2018,4020.347182635387,1
49005,2018,4113.267951507616,1
49007,2018,4103.030435376007,1
49009,2018,6162.793002915452,4
49011,2018,3948.874457775727,1
49013,2018,3737.5881298992163,1
49015,2018,4264.955471934776,2
49017,2018,3597.247019551741,1
49019,2018,4591.638634471274,3
49021,2018,3691.7209024234694,1
49023,2018,4868.78867403315,3
49025,2018,3921.7844293718667,1
49027,2018,4212.572263797942,2
49029,2018,4346.495461825948,2
49031,2018,3818.361757105943,1
49033,2018,3463.73125,1
49035,2018,4129.235073442414,1
49037,2018,4553.112270107054,3
49039,2018,3915.828594313176,1
49041,2018,4116.009164818921,1
49043,2018,3555.83286908078,1
49045,2018,4218.504975124378,2
49047,2018,3907.2779467000537,1
49049,2018,3977.9197559831064,1
49051,2018,3656.6243424632685,1
49053,2018,4018.0777611493563,1
49055,2018,3750.8744271310725,1
49057,2018,4039.0295521118774,1
50001,2018,2428.6282041232266,1
50003,2018,4599.787998518335,3
50005,2018,4270.027097487755,2
50007,2018,2668.4328943681703,1
50009,2018,4595.754343918514,3
50011,2018,3616.0252682369373,1
50013,2018,3074.9294231388976,1
50015,2018,3181.5285077113226,1
50017,2018,4128.549961796417,1
50019,2018,3765.539381611066,1
50021,2018,4691.829449299486,3
50023,2018,3000.008088735835,1
50025,2018,4167.195778787069,2
50027,2018,4416.8542017818445,2
78010,2018,2239.9598742497856,1
78020,2018,2468.2385262143202,1
78030,2018,2468.2385262143202,1
51001,2018,4378.0399942763115,2
51003,2018,4087.9225220411436,1
51510,2018,4191.9759828212755,2
51005,2018,5362.600241545893,4
51007,2018,4778.694882367208,3
51009,2018,4310.125712804562,2
51011,2018,4444.63297661514,2
51013,2018,3889.869248266601,1
51015,2018,4323.012966948077,2
51017,2018,5409.0430450378635,4
51515,2018,4172.049845041322,2
51019,2018,3890.213183178453,1
51021,2018,4572.246190858059,3
51023,2018,3960.996749435666,1
51520,2018,4206.002318034307,2
51025,2018,4528.172862453532,3
51027,2018,4062.795593635251,1
51029,2018,4508.418552036199,2
51530,2018,4197.057275541796,2
51031,2018,4360.543001872041,2
51033,2018,4315.68664981341,2
51035,2018,4241.41450984311,2
51036,2018,4326.106131427,2
51037,2018,4613.713642013673,3
51540,2018,4107.029395431491,1
51550,2018,4234.155997559938,2
51041,2018,4180.990155034572,2
51043,2018,3926.459314987131,1
51570,2018,4707.474382377997,3
51580,2018,4478.799032854501,2
51045,2018,4329.65828845003,2
51047,2018,4320.031141633236,2
51049,2018,5302.278109224415,4
51590,2018,4658.283058310723,3
51051,2018,4931.60577540107,4
51053,2018,4744.915703602991,3
51595,2018,4516.961160151324,3
51057,2018,4517.825353397173,3
51600,2018,3826.442797442583,1
51059,2018,3697.260901178219,1
51610,2018,3945.2346440503725,1
51061,2018,4347.1601313794845,2
51063,2018,4089.5668546479897,1
51065,2018,4155.814234650968,1
51620,2018,4849.998218527316,3
51067,2018,3872.32649390447,1
51069,2018,4195.269606392424,2
51630,2018,5269.412034538586,4
51640,2018,4315.5735811857485,2
51071,2018,4441.755829109341,2
51073,2018,4140.881134133043,1
51075,2018,3930.5543420820854,1
51077,2018,4248.002840909091,2
51079,2018,4654.91405069666,3
51081,2018,5467.03605015674,4
51083,2018,4132.160983076792,1
51650,2018,4133.851909848442,1
51085,2018,4485.784348182644,2
51660,2018,4303.680365686944,2
51087,2018,4561.683954483767,3
51089,2018,4521.741874428926,3
51091,2018,4217.425,2
51670,2018,4776.62153163152,3
51093,2018,4225.925583782397,2
51095,2018,4460.668979386626,2
51097,2018,4538.42088974855,3
51099,2018,4810.545338032682,3
51101,2018,4410.938295410721,2
51103,2018,3952.397654034545,1
51105,2018,4018.1885714285713,1
51678,2018,3710.4651024651025,1
51107,2018,3883.277857855638,1
51109,2018,4296.01526842883,2
51111,2018,4750.501048767698,3
51680,2018,4421.709151150647,2
51113,2018,3982.8693934464327,1
51690,2018,4812.211009913758,3
51683,2018,4071.3610105551957,1
51115,2018,4378.178872614292,2
51117,2018,4144.528996469995,1
51119,2018,3958.7506540222366,1
51121,2018,4170.027710442511,2
51125,2018,4040.959239439827,1
51127,2018,4563.573054393305,3
51700,2018,4376.113129748101,2
51710,2018,4581.5622414359195,3
51131,2018,4062.980570409982,1
51133,2018,4518.0287896592245,3
51720,2018,4019.583995760466,1
51135,2018,4772.402032655781,3
51137,2018,4059.8711641500245,1
51139,2018,4696.15612506407,3
51141,2018,3934.679553607015,1
51730,2018,4567.317149629176,3
51143,2018,4218.129286461861,2
51740,2018,4359.976036866359,2
51735,2018,4797.795230885693,3
51145,2018,4213.755873015873,2
51147,2018,4511.738986532755,2
51149,2018,4336.939636587619,2
51153,2018,4086.836523627221,1
51155,2018,4689.464121132324,3
51750,2018,4601.333333333333,3
51157,2018,3802.8514895509115,1
51159,2018,4370.2098317387,2
51760,2018,4569.926003375156,3
51161,2018,4235.315453888122,2
51770,2018,4318.550397295755,2
51163,2018,3921.797154393386,1
51165,2018,4478.882926165979,2
51167,2018,4211.929426377597,2
51775,2018,4172.409003263127,2
51169,2018,3577.6062520784835,1
51171,2018,4463.369499284692,2
51173,2018,4406.53227037571,2
51175,2018,4677.790540540541,3
51177,2018,4695.822084195997,3
51179,2018,4423.024167078165,2
51790,2018,4343.100463019374,2
51800,2018,4429.937124073297,2
51181,2018,4147.079365079365,1
51183,2018,4558.934370442392,3
51185,2018,4083.124712607966,1
51810,2018,4250.530851817438,2
51187,2018,4302.681010214751,2
51191,2018,4119.526163988463,1
51820,2018,4606.974049000644,3
51193,2018,4315.165386068775,2
51830,2018,4370.290154976261,2
51840,2018,4123.905346326047,1
51195,2018,4250.935555910033,2
51197,2018,4688.309779667568,3
51199,2018,4182.471881582364,2
53001,2018,5141.603251470079,4
53003,2018,4522.8977365415985,3
53005,2018,4497.05710543141,2
53007,2018,4311.142614504897,2
53009,2018,4028.4735268392897,1
53011,2018,3878.0734434561627,1
53013,2018,5643.541350022351,4
53015,2018,4223.912222725215,2
53017,2018,4090.2171038713773,1
53019,2018,3420.6760330578513,1
53021,2018,4170.498137336669,2
53023,2018,7683.006230529595,4
53025,2018,3932.035009080722,1
53027,2018,4335.487358422642,2
53029,2018,3453.8332473366318,1
53031,2018,3526.857205050065,1
53033,2018,4108.061441038137,1
53035,2018,3749.3349873110865,1
53037,2018,3896.1123301605753,1
53039,2018,4135.258115231665,1
53041,2018,4229.833004525937,2
53043,2018,5310.07732957548,4
53045,2018,4103.984527982594,1
53047,2018,3924.6314262966334,1
53049,2018,4431.894232125229,2
53051,2018,3760.7455115417497,1
53053,2018,4010.436149541427,1
53055,2018,3848.4845743446995,1
53057,2018,4191.92716073055,2
53059,2018,4031.761412575366,1
53061,2018,3764.3357649717514,1
53063,2018,4378.374734669075,2
53065,2018,3851.6075416896188,1
53067,2018,3630.4691631884652,1
53069,2018,4182.753846153846,2
53071,2018,4217.095064318949,2
53073,2018,3966.3584714237404,1
53075,2018,4743.0758458646615,3
53077,2018,3833.034461702261,1
54001,2018,4795.366412213741,3
54003,2018,3925.707462589248,1
54005,2018,4970.254571276407,4
54007,2018,3645.132881185632,1
54009,2018,4956.837013669821,4
54011,2018,4574.18970002305,3
54013,2018,4662.590769230769,3
54015,2018,3825.7352409638556,1
54017,2018,3541.258410880458,1
54019,2018,4506.937875477881,2
54021,2018,4777.035116153431,3
54023,2018,4719.094556765163,3
54025,2018,4274.198373353989,2
54027,2018,4153.38769268412,1
54029,2018,5328.859285091543,4
54031,2018,4198.177019291923,2
54033,2018,4281.672303261173,2
54035,2018,4565.185432473445,3
54037,2018,3722.1334233539096,1
54039,2018,4527.308139325681,3
54041,2018,4088.844102943899,1
54043,2018,4705.920839530656,3
54045,2018,5224.208837408837,4
54047,2018,4371.452317797145,2
54049,2018,4936.348386319846,4
54051,2018,4658.298310863164,3
54053,2018,4692.016776512882,3
54055,2018,4277.9463361481885,2
54057,2018,5221.558023872679,4
54059,2018,4658.336724078141,3
54061,2018,4611.232779398706,3
54063,2018,4274.437659465895,2
54065,2018,4691.608198719902,3
54067,2018,3943.6692808880307,1
54069,2018,4731.036340949856,3
54071,2018,4490.197116996313,2
54073,2018,5410.282879556991,4
54075,2018,4466.207056638811,2
54077,2018,4941.755671551898,4
54079,2018,4312.5579027355625,2
54081,2018,4737.976058060191,3
54083,2018,4462.016645442969,2
54085,2018,4362.327387802071,2
54087,2018,3945.014600084638,1
54089,2018,4050.4870651204283,1
54091,2018,4240.125869565218,2
54093,2018,4087.94558119286,1
54095,2018,4403.643423799583,2
54097,2018,4227.3294375456535,2
54099,2018,4308.530546623794,2
54101,2018,4626.304056319142,3
54103,2018,4475.303024465421,2
54105,2018,3952.2764456981663,1
54107,2018,4870.494239631336,3
54109,2018,4521.562284279887,3
55001,2018,4160.717395455414,1
55003,2018,4443.428649735063,2
55005,2018,4403.649577504793,2
55007,2018,4100.019138755981,1
55009,2018,3803.376400500135,1
55011,2018,4353.632672155689,2
55013,2018,4458.518170537139,2
55015,2018,3808.920851875397,1
55017,2018,4119.6138613861385,1
55019,2018,4704.034945021841,3
55021,2018,3670.3900788546503,1
55023,2018,4468.5848111829755,2
55025,2018,3625.691809915997,1
55027,2018,3946.359669211196,1
55029,2018,3983.9810195683212,1
55031,2018,4826.33029148578,3
55033,2018,4220.853480949531,2
55035,2018,4228.908120770432,2
55037,2018,3717.8625261688767,1
55039,2018,3959.2054008280015,1
55041,2018,4259.172997127354,2
55043,2018,3794.7721070079406,1
55045,2018,3940.4300195928104,1
55047,2018,3264.1071755027424,1
55049,2018,3326.8799119241194,1
55051,2018,3420.691945360339,1
55053,2018,4613.26408310028,3
55055,2018,3797.9270121572454,1
55057,2018,3968.585006273526,1
55059,2018,4431.153554720014,2
55061,2018,3573.1456495828365,1
55063,2018,3888.949714328957,1
55065,2018,4548.680808584976,3
55067,2018,4341.100263852243,2
55069,2018,3783.1593388058022,1
55071,2018,3935.9295826926136,1
55073,2018,3722.6568653589793,1
55075,2018,4167.128630404867,2
55077,2018,3642.883409536251,1
55078,2018,3505.9563106796118,1
55079,2018,4736.02756271715,3
55081,2018,4209.694234728895,2
55083,2018,3752.393283920738,1
55085,2018,3834.8491149018346,1
55087,2018,3610.3865331023576,1
55089,2018,3856.969708215429,1
55091,2018,4838.767613038906,3
55093,2018,4031.9196823596144,1
55095,2018,4714.979247856586,3
55097,2018,3912.5457138881156,1
55099,2018,4013.8735745182853,1
55101,2018,4293.005983040554,2
55103,2018,4394.003833253474,2
55105,2018,4335.005481416972,2
55107,2018,4551.415664071715,3
55109,2018,4310.46157082749,2
55111,2018,3598.746833130329,1
55113,2018,4134.598493723849,1
55115,2018,4085.518846411804,1
55117,2018,3571.359375,1
55119,2018,4005.3665594855306,1
55121,2018,3989.8563605248146,1
55123,2018,4328.427191464822,2
55125,2018,3852.2378416398715,1
55127,2018,4082.082898056355,1
55129,2018,4545.280664764976,3
55131,2018,4127.765524625268,1
55133,2018,4198.308717218676,2
55135,2018,3436.6532072578584,1
55137,2018,3889.221238938053,1
55139,2018,3624.9706824735663,1
55141,2018,4160.104068543942,1
56001,2018,3996.258008356546,1
56003,2018,4747.886178861789,3
56005,2018,4379.099173553719,2
56007,2018,3913.8924270259236,1
56009,2018,5517.29909948542,4
56011,2018,3935.016882183908,1
56013,2018,4130.827682652295,1
56015,2018,4321.113096270598,2
56017,2018,5386.376031434184,4
56019,2018,4111.990997749437,1
56021,2018,4672.148919730155,3
56023,2018,4627.243891334042,3
56025,2018,4671.279429298148,3
56027,2018,5584.950920245399,4
56029,2018,4155.88763726532,1
56031,2018,5236.054503990878,4
56033,2018,3806.3788862577344,1
56035,2018,4296.193387842161,2
56037,2018,4436.959226346054,2
56039,2018,4157.761094914156,1
56041,2018,4034.182408074982,1
56043,2018,5650.904870407291,4
56045,2018,4976.517229129662,4
